rank,name,pitch_name,tot,velo,pfx_x,pfx_z,pv,pvC,pv_tj,pvC_tj
1,"Warren, Art",Slider,201,138.5,15.4,-2.3,9.2,4.57,8.5,4.21
2,"Peralta, Wily",Split-Finger,352,130.8,-25.8,17.0,15.9,4.52,12.9,3.65
3,"Chavez, Jesse",Sinker,212,146.8,-41.4,21.2,8.1,3.82,9.2,4.35
4,"deGrom, Jacob",Slider,409,147.4,11.9,8.8,14.2,3.48,17.6,4.29
5,"Whitlock, Garrett",Slider,209,135.4,10.8,2.4,7.1,3.38,2.2,1.07
6,"Pressly, Ryan",Slider,388,145.7,12.2,9.5,13.0,3.36,11.8,3.03
7,"Ohtani, Shohei",Split-Finger,371,141.9,-12.6,6.2,12.2,3.29,15.1,4.08
8,"Gil, Luis",Slider,209,137.1,20.6,5.5,6.9,3.28,5.2,2.48
9,"Lugo, Seth",4-Seam Fastball,213,151.6,-19.2,43.8,6.9,3.26,5.2,2.44
10,"Reyes, Alex",Slider,353,139.1,21.0,-0.7,11.3,3.20,9.4,2.67
11,"Treinen, Blake",Slider,429,139.3,33.4,-1.7,13.7,3.18,12.5,2.91
12,"Taylor, Josh",Slider,393,140.6,12.9,11.1,12.5,3.17,9.2,2.34
13,"Wieck, Brad",4-Seam Fastball,248,149.1,-10.4,47.7,7.8,3.15,4.4,1.77
14,"Bummer, Aaron",Slider,302,133.5,45.2,-12.5,9.4,3.10,9.5,3.16
15,"Morgan, Adam",Slider,208,132.9,17.8,7.1,6.4,3.06,3.4,1.62
16,"Loaisiga, Jonathan",Curveball,229,139.6,30.3,5.2,7.0,3.05,5.7,2.50
17,"Sulser, Cole",Changeup,355,135.2,-34.3,14.2,10.8,3.05,12.1,3.42
18,"Burnes, Corbin",Slider,255,141.8,19.4,-0.7,7.8,3.05,8.1,3.18
19,"Hendriks, Liam",Slider,243,143.3,5.0,8.2,7.4,3.03,9.3,3.81
20,"Alvarez, Jose",Sinker,446,146.9,-42.7,25.2,13.4,2.99,15.4,3.44
21,"Suarez, Ranger",Sinker,734,149.6,-40.1,19.8,22.0,2.99,16.0,2.18
22,"Rogers, Tyler",Slider,506,115.5,33.4,35.3,15.0,2.97,12.9,2.55
23,"Crochet, Garrett",Slider,272,137.2,30.6,1.8,8.0,2.95,6.7,2.47
24,"Suarez, Jose",Changeup,466,132.5,-19.1,21.1,13.7,2.94,12.7,2.73
25,"Peralta, Wandy",Changeup,376,141.4,-43.7,15.0,11.0,2.94,9.6,2.55
26,"Chafin, Andrew",4-Seam Fastball,267,147.7,-21.2,41.4,7.7,2.90,7.7,2.89
27,"Treinen, Blake",Cutter,351,150.3,0.8,21.0,10.2,2.90,9.2,2.63
28,"Loup, Aaron",Sinker,432,148.7,-49.6,9.8,12.5,2.88,10.5,2.43
29,"Smith, Drew",4-Seam Fastball,343,152.9,-17.3,43.7,9.8,2.86,6.1,1.78
30,"Civale, Aaron",Cutter,476,141.2,14.1,15.7,13.5,2.84,14.6,3.07
31,"Cisnero, Jose",Sinker,273,155.2,-42.1,25.6,7.7,2.82,6.4,2.36
32,"Burr, Ryan",Cutter,238,139.6,12.2,-2.9,6.7,2.82,4.3,1.82
33,"Curtiss, John",4-Seam Fastball,350,152.9,-15.3,43.7,9.8,2.81,9.6,2.75
34,"Lauer, Eric",Slider,254,140.8,4.0,16.0,7.1,2.79,7.5,2.95
35,"Cousins, Jake",Slider,337,134.1,21.3,1.0,9.4,2.79,8.9,2.65
36,"Clase, Emmanuel",Slider,315,147.9,15.5,2.0,8.8,2.78,10.8,3.44
37,"Bleier, Richard",Sinker,422,144.9,-38.7,8.4,11.6,2.74,9.1,2.16
38,"Thompson, Zach",Cutter,419,140.2,9.6,13.8,11.4,2.72,13.2,3.15
39,"Kelly, Joe",Knuckle Curve,353,140.4,21.0,-24.9,9.5,2.68,7.2,2.03
40,"Scherzer, Max",Slider,622,138.4,7.1,12.2,16.5,2.65,15.3,2.45
41,"Peralta, Freddy",Curveball,264,123.6,21.4,-13.7,7.0,2.65,7.2,2.72
42,"Diaz, Edwin",Slider,378,145.9,2.7,14.4,9.8,2.60,12.8,3.39
43,"Harvey, Matt",Changeup,266,137.4,-36.8,29.0,6.9,2.60,4.9,1.83
44,"Jackson, Luke",Slider,650,141.1,3.4,-14.3,16.8,2.59,12.2,1.88
45,"Watson, Tony",Slider,209,133.9,8.9,3.8,5.4,2.58,5.4,2.57
46,"Soto, Gregory",Slider,425,142.2,6.4,11.8,11.0,2.58,9.2,2.18
47,"Cishek, Steve",4-Seam Fastball,210,144.4,-25.6,27.5,5.4,2.58,3.5,1.65
48,"Tepera, Ryan",4-Seam Fastball,339,150.1,-19.9,43.2,8.6,2.54,6.4,1.89
49,"Leone, Dominic",Slider,244,134.8,14.4,-9.4,6.1,2.48,4.7,1.94
50,"Musgrove, Joe",Curveball,699,132.1,28.0,-34.7,17.3,2.48,16.1,2.30
51,"Kittredge, Andrew",Sinker,449,153.6,-40.4,25.6,11.1,2.47,7.4,1.65
52,"Kimbrel, Craig",Knuckle Curve,417,138.6,26.7,-14.5,10.3,2.47,10.2,2.45
53,"Jansen, Kenley",Sinker,313,151.1,-17.2,48.6,7.7,2.45,8.2,2.63
54,"Alcala, Jorge",Slider,354,144.4,7.7,11.8,8.6,2.44,9.9,2.79
55,"Melancon, Mark",Knuckle Curve,363,132.4,10.1,-36.9,8.8,2.43,6.7,1.85
56,"Hader, Josh",4-Seam Fastball,649,155.2,-24.9,44.1,15.6,2.41,17.5,2.70
57,"Ohtani, Shohei",Slider,442,132.3,40.4,7.7,10.6,2.40,9.7,2.20
58,"Castillo, Diego",Slider,622,140.5,3.4,11.3,15.0,2.40,17.1,2.75
59,"Gutiérrez, Vladimir",Changeup,224,131.1,-32.4,23.3,5.4,2.40,4.7,2.09
60,"Hader, Josh",Slider,281,134.6,9.9,4.7,6.7,2.39,4.9,1.73
61,"Heuer, Codi",Slider,243,140.6,6.9,13.9,5.8,2.38,5.4,2.21
62,"Chafin, Andrew",Slider,250,132.8,2.7,-4.6,5.9,2.37,7.2,2.88
63,"McHugh, Collin",Slider,548,128.1,47.1,-1.2,13.0,2.37,10.6,1.93
64,"Flexen, Chris",Changeup,431,133.2,-31.0,24.4,10.2,2.36,6.7,1.55
65,"Maples, Dillon",Slider,202,140.8,36.9,-1.5,4.8,2.36,4.1,2.01
66,"Price, David",4-Seam Fastball,212,149.6,-22.7,32.6,5.0,2.36,4.0,1.91
67,"Burnes, Corbin",Curveball,487,130.7,28.6,-20.0,11.5,2.36,14.9,3.06
68,"Muller, Kyle",Slider,237,139.4,1.8,10.1,5.6,2.35,7.5,3.14
69,"Minaya, Juan",Changeup,296,143.2,-31.4,-2.1,7.0,2.35,4.6,1.54
70,"Trivino, Lou",4-Seam Fastball,298,154.1,-20.8,37.4,7.0,2.34,4.2,1.42
71,"Williams, Devin",Changeup,634,134.8,-43.1,-10.6,14.8,2.33,13.6,2.14
72,"Heuer, Codi",Changeup,217,140.5,-40.5,22.1,4.9,2.28,4.9,2.26
73,"Staumont, Josh",Sinker,240,155.7,-23.8,40.9,5.4,2.27,4.7,1.96
74,"McFarland, T. J.",Sinker,361,143.1,-43.0,-2.1,8.2,2.26,4.2,1.16
75,"Bickford, Phil",4-Seam Fastball,537,151.1,-10.0,42.2,12.1,2.26,8.7,1.62
76,"Suarez, Ranger",4-Seam Fastball,363,150.8,-18.8,30.9,8.2,2.26,7.1,1.95
77,"Richards, Trevor",4-Seam Fastball,602,149.3,-14.7,49.8,13.6,2.25,13.7,2.28
78,"Okert, Steven",Slider,358,129.8,26.6,13.3,8.0,2.24,8.7,2.43
79,"Martin, Brett",Slider,225,141.1,5.1,15.4,5.0,2.23,3.3,1.45
80,"Chacin, Jhoulys",Slider,209,142.1,9.5,14.8,4.7,2.23,5.5,2.64
81,"Zimmermann, Bruce",Slider,207,138.6,-3.2,7.6,4.6,2.23,3.6,1.74
82,"Stanek, Ryne",Split-Finger,283,141.6,-27.4,13.3,6.3,2.23,4.8,1.68
83,"Rodon, Carlos",Slider,626,138.0,20.8,-2.5,13.9,2.23,14.4,2.30
84,"Woodford, Jake",Sinker,426,147.2,-32.8,23.6,9.5,2.22,5.5,1.29
85,"Thielbar, Caleb",4-Seam Fastball,542,147.0,-7.0,49.0,12.0,2.22,8.3,1.53
86,"Bickford, Phil",Slider,307,135.3,15.5,3.3,6.8,2.22,4.1,1.35
87,"Stripling, Ross",Changeup,258,133.8,-25.8,27.1,5.7,2.22,6.3,2.45
88,"Knehr, Reiss",4-Seam Fastball,280,150.6,-15.6,40.2,6.2,2.21,5.1,1.84
89,"Barnes, Matt",Knuckle Curve,457,137.3,9.6,-25.4,10.1,2.20,8.8,1.93
90,"Garcia, Luis",Sinker,309,158.2,-35.9,25.2,6.8,2.20,7.4,2.38
91,"Loaisiga, Jonathan",Sinker,608,158.3,-39.7,29.8,13.4,2.20,9.6,1.58
92,"Duffy, Danny",4-Seam Fastball,438,150.8,-13.4,48.9,9.6,2.19,8.5,1.95
93,"Santana, Dennis",Slider,284,134.8,9.8,-4.8,6.2,2.17,3.1,1.10
94,"Santillan, Tony",Slider,354,137.0,30.2,-7.3,7.7,2.17,2.7,0.75
95,"Bradley, Archie",Sinker,219,151.2,-35.1,34.0,4.7,2.15,4.2,1.91
96,"Bauer, Trevor",Slider,332,130.2,43.7,-5.8,7.1,2.15,5.6,1.70
97,"Martin, Brett",Sinker,278,149.8,-39.2,27.8,5.9,2.13,4.7,1.69
98,"Bednar, David",Curveball,220,124.8,23.5,-31.0,4.7,2.13,3.1,1.40
99,"Javier, Cristian",Slider,564,130.4,29.0,10.9,11.9,2.12,12.7,2.26
100,"deGrom, Jacob",4-Seam Fastball,704,159.7,-23.0,41.8,14.8,2.10,19.6,2.78
101,"Head, Louis",4-Seam Fastball,286,150.8,-15.2,42.9,6.0,2.08,7.4,2.57
102,"Urias, Julio",Curveball,1046,131.0,40.4,-2.5,21.7,2.07,26.2,2.51
103,"Hill, Tim",Sinker,358,146.7,-46.6,-3.8,7.4,2.07,1.3,0.35
104,"Sewald, Paul",4-Seam Fastball,644,148.6,-31.7,34.7,13.3,2.07,12.7,1.97
105,"Garcia, Luis",Slider,338,128.8,40.3,-7.3,7.0,2.06,8.6,2.54
106,"Knebel, Corey",4-Seam Fastball,294,155.1,-13.6,43.4,6.0,2.04,6.3,2.15
107,"Bieber, Shane",Slider,398,138.0,5.3,3.3,8.1,2.03,8.7,2.18
108,"Karinchak, James",Curveball,332,134.0,-2.4,-21.2,6.7,2.03,3.3,1.00
109,"McCullers, Lance",Slider,761,138.4,35.0,11.4,15.5,2.03,11.7,1.54
110,"Gausman, Kevin",Split-Finger,1089,134.6,-31.6,5.6,22.0,2.02,20.0,1.84
111,"Feyereisen, J. P.",4-Seam Fastball,545,149.8,-13.7,53.1,11.0,2.01,9.8,1.80
112,"Garcia, Jarlin",4-Seam Fastball,516,149.9,-39.7,33.0,10.3,2.00,5.7,1.11
113,"Brogdon, Connor",Changeup,329,136.2,-43.4,23.5,6.6,2.00,9.3,2.82
114,"Rodriguez, Joely",Changeup,286,142.2,-28.5,0.9,5.7,1.99,4.1,1.45
115,"Cabrera, Genesis",Changeup,201,144.4,-30.9,29.3,4.0,1.99,3.5,1.75
116,"Matzek, Tyler",4-Seam Fastball,906,154.8,-12.4,45.5,18.0,1.99,15.4,1.70
117,"Wheeler, Zack",Sinker,582,155.7,-39.9,29.0,11.5,1.98,11.9,2.04
118,"Johnson, Pierce",Curveball,705,135.7,27.9,-12.5,13.9,1.98,9.2,1.30
119,"Clase, Emmanuel",Cutter,731,161.4,6.9,26.8,14.4,1.98,10.2,1.40
120,"Gallegos, Giovanny",Slider,534,137.8,0.8,0.2,10.5,1.97,12.2,2.28
121,"Lamet, Dinelson",Slider,421,139.3,1.1,11.9,8.3,1.96,6.9,1.63
122,"Ashby, Aaron",Slider,231,134.9,25.0,-9.3,4.5,1.96,7.4,3.22
123,"Iglesias, Raisel",Changeup,261,143.9,-43.6,9.4,5.1,1.94,5.9,2.28
124,"Funkhouser, Kyle",4-Seam Fastball,259,154.3,-18.4,38.4,5.0,1.94,6.0,2.32
125,"Anderson, Brett",Changeup,387,132.3,-35.2,18.9,7.5,1.94,8.0,2.06
126,"Barlow, Scott",Curveball,247,127.7,35.8,-26.7,4.8,1.94,4.2,1.69
127,"Doval, Camilo",Slider,294,139.4,17.2,-4.8,5.7,1.93,7.0,2.39
128,"Morton, Charlie",Curveball,1212,130.0,41.9,-25.3,23.3,1.92,31.4,2.59
129,"Bauer, Trevor",4-Seam Fastball,723,151.1,-25.1,51.2,13.8,1.91,11.2,1.54
130,"Ottavino, Adam",4-Seam Fastball,259,153.6,-13.8,36.8,4.9,1.91,3.6,1.38
131,"Minter, A. J.",Cutter,496,143.6,13.0,10.9,9.4,1.90,7.6,1.53
132,"Tepera, Ryan",Slider,454,139.2,10.4,11.0,8.6,1.90,12.6,2.76
133,"Rodon, Carlos",4-Seam Fastball,1333,153.5,-20.2,44.6,25.3,1.90,25.0,1.88
134,"Hendriks, Liam",4-Seam Fastball,791,157.3,-17.1,47.1,14.9,1.89,16.2,2.05
135,"Skubal, Tarik",Sinker,328,152.1,-38.3,29.5,6.2,1.88,6.7,2.06
136,"Woodruff, Brandon",Sinker,783,155.0,-35.5,32.4,14.6,1.87,11.5,1.46
137,"Shreve, Chasen",Slider,214,131.0,12.0,-13.0,4.0,1.86,4.7,2.21
138,"Bassitt, Chris",Changeup,242,137.3,-45.6,19.6,4.5,1.85,3.5,1.46
139,"Smith, Joe",Sinker,257,138.0,-40.0,-20.6,4.7,1.84,2.2,0.87
140,"Matz, Steven",Changeup,598,136.9,-40.5,8.3,11.0,1.84,6.1,1.02
141,"Webb, Logan",Sinker,888,149.4,-38.5,0.0,16.3,1.83,14.8,1.67
142,"Steckenrider, Drew",4-Seam Fastball,664,151.4,-22.0,47.5,12.1,1.82,12.2,1.84
143,"Lugo, Seth",Curveball,208,127.5,30.6,-43.9,3.8,1.81,4.4,2.09
144,"Givens, Mychal",Changeup,330,132.6,-22.6,-5.3,6.0,1.81,3.4,1.04
145,"Helsley, Ryan",Cutter,279,142.0,8.4,13.4,5.1,1.81,3.3,1.17
146,"Jansen, Kenley",Cutter,672,149.0,18.8,44.1,12.2,1.81,12.8,1.91
147,"Urias, Julio",Changeup,537,139.6,-37.1,18.5,9.7,1.81,8.5,1.59
148,"Clarke, Taylor",Slider,218,141.0,5.3,10.4,3.9,1.80,3.3,1.52
149,"Romano, Jordan",4-Seam Fastball,642,157.1,-13.5,46.2,11.6,1.80,10.6,1.64
150,"Houser, Adrian",Sinker,1299,150.7,-40.5,19.8,23.4,1.80,22.4,1.72
151,"Treinen, Blake",Sinker,341,156.8,-45.7,14.8,6.1,1.80,2.0,0.59
152,"Santana, Ervin",Slider,549,135.8,11.2,4.6,9.8,1.79,11.3,2.06
153,"Cortes, Nestor",4-Seam Fastball,652,146.1,-14.3,47.3,11.7,1.79,5.3,0.81
154,"Alcantara, Sandy",Sinker,874,157.2,-43.9,18.6,15.6,1.79,12.4,1.41
155,"Quantrill, Cal",Slider,718,141.9,6.7,13.4,12.8,1.78,9.4,1.31
156,"Boxberger, Brad",4-Seam Fastball,622,150.6,-15.6,43.5,11.0,1.77,6.8,1.10
157,"Garcia, Yimi",Curveball,220,134.8,27.2,-7.5,3.9,1.77,3.9,1.79
158,"Matzek, Tyler",Slider,367,136.6,17.0,-17.8,6.5,1.76,6.3,1.70
159,"Wilson, Justin",Cutter,214,144.2,9.2,29.4,3.8,1.75,3.4,1.59
160,"Ramirez, Noe",4-Seam Fastball,217,143.5,-21.7,30.1,3.8,1.75,3.0,1.38
161,"Bednar, David",4-Seam Fastball,521,155.7,-22.7,42.1,9.1,1.74,8.8,1.69
162,"Payamps, Joel",4-Seam Fastball,338,152.7,-23.0,41.6,5.9,1.74,5.1,1.52
163,"Duffey, Tyler",Knuckle Curve,494,133.7,11.9,-25.3,8.5,1.73,7.3,1.47
164,"Gallegos, Giovanny",4-Seam Fastball,657,152.0,-23.0,44.5,11.3,1.72,10.1,1.53
165,"Whitlock, Garrett",Sinker,661,154.4,-40.6,29.8,11.3,1.71,4.8,0.72
166,"Civale, Aaron",Curveball,309,124.0,23.5,-39.7,5.3,1.70,6.4,2.06
167,"McCullers, Lance",Knuckle Curve,743,135.4,30.7,-26.3,12.6,1.69,11.5,1.55
168,"Rasmussen, Drew",4-Seam Fastball,800,156.2,-11.3,44.5,13.6,1.69,15.3,1.91
169,"Raley, Brooks",Slider,289,131.6,42.5,8.6,4.8,1.67,5.8,2.02
170,"Kershaw, Clayton",Slider,860,140.2,12.0,20.8,14.4,1.67,17.0,1.97
171,"Sandoval, Patrick",Changeup,428,136.2,-33.3,25.4,7.1,1.66,9.8,2.30
172,"Littell, Zack",4-Seam Fastball,606,152.8,-16.5,44.0,10.0,1.66,10.2,1.69
173,"Iglesias, Raisel",4-Seam Fastball,369,155.0,-24.8,41.3,6.1,1.66,4.3,1.17
174,"Peralta, Freddy",4-Seam Fastball,1242,150.4,-17.7,41.9,20.4,1.64,21.0,1.69
175,"Knebel, Corey",Knuckle Curve,208,128.5,29.9,-40.8,3.4,1.64,3.5,1.68
176,"Quijada, Jose",4-Seam Fastball,366,150.7,-16.7,39.0,6.0,1.64,5.5,1.51
177,"Whitley, Kodi",4-Seam Fastball,228,150.8,-14.9,49.7,3.7,1.64,2.7,1.17
178,"Lopez, Pablo",4-Seam Fastball,530,151.4,-17.7,34.9,8.5,1.60,4.7,0.88
179,"Castro, Miguel",Slider,433,137.9,29.1,2.3,6.9,1.59,6.6,1.54
180,"DeSclafani, Anthony",Sinker,476,151.3,-39.5,28.4,7.6,1.59,9.2,1.93
181,"Cease, Dylan",Changeup,219,125.7,-18.7,39.3,3.5,1.59,1.0,0.48
182,"Wainwright, Adam",Sinker,889,143.4,-32.3,31.1,14.1,1.58,17.9,2.01
183,"Garcia, Jarlin",Changeup,262,137.0,-43.8,23.4,4.1,1.58,5.2,1.99
184,"Burnes, Corbin",Cutter,1404,153.3,10.8,28.3,22.1,1.58,29.8,2.12
185,"Mize, Casey",Slider,660,138.4,9.6,5.1,10.4,1.57,13.0,1.97
186,"Lauer, Eric",Curveball,302,127.0,13.2,-16.5,4.8,1.57,6.1,2.03
187,"Strickland, Hunter",Slider,415,135.0,25.3,-0.9,6.5,1.57,3.8,0.92
188,"Musgrove, Joe",Slider,815,135.4,35.6,-4.0,12.7,1.56,16.5,2.02
189,"Farrell, Luke",Slider,244,131.5,7.3,-5.6,3.8,1.56,1.9,0.77
190,"Gilbreath, Lucas",Slider,258,131.6,18.3,-4.5,4.0,1.56,0.5,0.19
191,"Cotton, Jharel",4-Seam Fastball,250,150.0,-18.2,51.4,3.9,1.55,2.5,1.00
192,"Iglesias, Raisel",Slider,326,137.0,22.3,9.8,5.1,1.55,4.2,1.29
193,"Kennedy, Ian",4-Seam Fastball,742,151.5,-27.4,45.0,11.5,1.55,9.9,1.34
194,"Pressly, Ryan",Curveball,273,132.1,37.1,-33.6,4.2,1.54,2.9,1.05
195,"Kikuchi, Yusei",Changeup,269,138.9,-27.0,13.6,4.1,1.54,2.8,1.05
196,"Hudson, Daniel",Slider,249,142.0,5.7,11.7,3.8,1.53,3.5,1.42
197,"Rodriguez, Richard",4-Seam Fastball,813,149.9,-34.1,38.5,12.4,1.53,11.9,1.47
198,"Kelly, Merrill",Cutter,333,146.3,-4.1,32.5,5.1,1.52,5.8,1.74
199,"Turnbull, Spencer",4-Seam Fastball,276,151.2,-7.2,31.7,4.2,1.52,5.1,1.84
200,"Montgomery, Jordan",Changeup,626,132.8,-24.7,37.4,9.5,1.52,13.9,2.22
201,"Floro, Dylan",Sinker,348,150.8,-42.6,24.8,5.3,1.52,5.3,1.53
202,"Leone, Dominic",Cutter,211,145.0,10.0,13.9,3.2,1.52,1.4,0.67
203,"Cole, Gerrit",Slider,674,142.3,13.6,1.2,10.2,1.52,9.8,1.46
204,"Taylor, Blake",4-Seam Fastball,591,149.9,7.4,39.8,8.9,1.51,5.1,0.86
205,"Means, John",Curveball,383,125.6,33.2,-17.6,5.8,1.51,5.6,1.46
206,"Webb, Logan",Slider,678,132.7,28.0,-4.2,10.3,1.51,14.2,2.10
207,"Holloway, Jordan",Slider,274,137.5,11.8,-2.5,4.1,1.51,5.7,2.10
208,"Gibson, Kyle",Cutter,428,144.1,4.3,20.6,6.4,1.49,4.6,1.07
209,"Montgomery, Jordan",Curveball,608,128.8,2.4,-10.1,9.1,1.49,8.1,1.34
210,"Harper, Ryne",Curveball,355,115.1,34.2,-19.6,5.3,1.48,4.0,1.11
211,"Boxberger, Brad",Slider,270,141.7,16.0,16.5,4.0,1.48,4.9,1.83
212,"Rodriguez, Chris",Sinker,318,154.3,-45.0,21.2,4.7,1.48,1.8,0.55
213,"Graveman, Kendall",Sinker,642,155.4,-41.4,27.4,9.5,1.47,10.4,1.62
214,"Scherzer, Max",4-Seam Fastball,1442,151.8,-27.0,40.7,21.2,1.47,24.5,1.70
215,"Plesac, Zach",Curveball,241,129.2,4.2,-16.3,3.5,1.46,4.5,1.86
216,"Crick, Kyle",Slider,264,126.9,54.7,-2.0,3.9,1.46,3.7,1.39
217,"Chafin, Andrew",Sinker,429,148.3,-36.4,33.7,6.3,1.46,5.5,1.27
218,"Glasnow, Tyler",4-Seam Fastball,691,156.2,-4.6,43.7,10.1,1.46,12.8,1.85
219,"Bassitt, Chris",Slider,241,123.8,39.4,1.9,3.5,1.45,1.6,0.64
220,"Valdez, Framber",Curveball,765,125.8,34.0,-39.3,11.1,1.45,9.4,1.23
221,"Tapia, Domingo",Sinker,302,156.5,-42.4,22.8,4.4,1.45,5.8,1.92
222,"Fried, Max",Slider,657,136.7,20.6,-0.3,9.5,1.45,7.8,1.19
223,"May, Trevor",4-Seam Fastball,673,155.4,-15.8,45.2,9.7,1.44,7.0,1.04
224,"Stephenson, Robert",Curveball,286,131.2,26.6,-16.8,4.1,1.44,4.9,1.72
225,"Gilbert, Logan",4-Seam Fastball,1307,153.4,-13.7,45.8,18.8,1.44,19.8,1.52
226,"McClanahan, Shane",Curveball,333,132.8,15.7,-27.3,4.8,1.43,7.2,2.17
227,"Barlow, Joe",4-Seam Fastball,205,152.1,-13.2,49.0,2.9,1.43,3.5,1.73
228,"Cueto, Johnny",4-Seam Fastball,677,147.8,-29.6,39.4,9.6,1.42,10.2,1.51
229,"Montas, Frankie",Split-Finger,678,140.9,-29.3,9.7,9.6,1.42,11.7,1.73
230,"Rogers, Taylor",Slider,347,135.2,26.6,7.2,4.9,1.41,3.2,0.92
231,"Sandoval, Patrick",Slider,248,137.5,18.1,1.1,3.5,1.40,4.3,1.73
232,"Plesac, Zach",Slider,509,139.6,0.3,22.0,7.1,1.39,9.7,1.90
233,"Garcia, Luis",Cutter,635,138.6,14.2,12.0,8.8,1.39,8.3,1.31
234,"Bassitt, Chris",4-Seam Fastball,457,150.1,-19.7,36.8,6.4,1.39,4.6,1.02
235,"German, Domingo",Changeup,355,139.3,-44.5,19.8,4.9,1.39,6.3,1.78
236,"Mayers, Mike",Slider,391,137.0,7.5,2.0,5.4,1.39,5.1,1.31
237,"Rasmussen, Drew",Slider,372,139.1,9.9,-7.5,5.2,1.39,3.5,0.94
238,"Mills, Alec",Sinker,831,143.4,-41.0,19.2,11.4,1.37,4.3,0.52
239,"Patton, Spencer",Slider,237,134.8,30.6,-4.0,3.2,1.37,4.8,2.01
240,"Thompson, Keegan",Curveball,222,132.8,20.4,-31.7,3.0,1.36,1.9,0.84
241,"Hernandez, Elieser",Slider,282,127.7,27.7,26.2,3.8,1.36,1.7,0.61
242,"Graterol, Brusdar",Sinker,372,161.2,-37.2,18.7,5.1,1.36,4.6,1.23
243,"Gilbert, Tyler",Cutter,271,139.0,4.7,26.3,3.7,1.36,3.6,1.32
244,"Sims, Lucas",Slider,266,137.2,19.2,-0.9,3.6,1.35,3.9,1.47
245,"Buehler, Walker",Slider,470,136.7,35.9,2.4,6.4,1.35,7.0,1.48
246,"Suter, Brent",4-Seam Fastball,886,140.6,9.2,30.0,12.0,1.35,8.9,1.00
247,"Darvish, Yu",Slider,629,131.4,41.3,-4.7,8.5,1.35,13.8,2.20
248,"May, Trevor",Slider,274,135.2,12.7,-10.1,3.7,1.35,1.9,0.71
249,"Lynn, Lance",Sinker,504,148.8,-32.9,16.1,6.8,1.35,3.3,0.65
250,"Woodruff, Brandon",Changeup,414,139.3,-37.3,17.4,5.6,1.34,3.7,0.88
251,"Stanek, Ryne",Slider,282,140.2,5.8,-2.8,3.8,1.34,5.2,1.86
252,"Castillo, Luis",Slider,550,139.1,1.2,-0.9,7.4,1.34,7.9,1.43
253,"Fulmer, Michael",Slider,472,146.8,13.7,14.9,6.3,1.34,7.1,1.51
254,"Chargois, J. T.",Sinker,349,155.2,-45.9,21.5,4.7,1.33,3.1,0.88
255,"Kittredge, Andrew",Slider,453,143.2,19.4,2.0,6.0,1.33,7.6,1.68
256,"Lynn, Lance",Cutter,800,142.8,6.9,12.3,10.6,1.33,7.2,0.89
257,"Bard, Daniel",Slider,561,140.2,23.5,6.6,7.4,1.32,8.1,1.44
258,"Manaea, Sean",Changeup,728,136.1,-30.9,17.0,9.6,1.32,8.9,1.22
259,"Wheeler, Zack",Slider,799,147.4,6.0,14.8,10.5,1.31,13.3,1.66
260,"Gray, Jon",Slider,966,139.6,6.7,8.4,12.5,1.30,13.5,1.40
261,"Berrios, Jose",Sinker,901,151.1,-41.1,28.8,11.7,1.30,14.8,1.64
262,"Giolito, Lucas",Changeup,971,131.3,-26.0,32.9,12.6,1.29,15.1,1.55
263,"Woodruff, Brandon",Curveball,481,134.9,11.4,-31.2,6.2,1.29,8.3,1.72
264,"Anderson, Ian",4-Seam Fastball,1143,152.2,-14.1,44.2,14.7,1.29,14.4,1.26
265,"Funkhouser, Kyle",Slider,359,139.6,10.0,4.7,4.6,1.29,1.1,0.30
266,"Floro, Dylan",4-Seam Fastball,328,150.9,-24.8,39.0,4.2,1.27,6.0,1.82
267,"Kuhl, Chad",Slider,662,142.0,9.3,7.3,8.4,1.27,3.3,0.50
268,"Kluber, Corey",Cutter,364,141.1,9.5,19.0,4.6,1.26,1.3,0.37
269,"Cimber, Adam",Sinker,362,140.1,-31.3,-22.4,4.5,1.25,6.3,1.74
270,"Cole, Gerrit",4-Seam Fastball,1422,157.3,-30.4,45.6,17.8,1.25,16.3,1.14
271,"Claudio, Alex",Sinker,202,137.4,-42.5,-9.1,2.5,1.24,3.4,1.70
272,"Neris, Hector",Split-Finger,505,135.6,-21.1,1.5,6.2,1.24,2.9,0.58
273,"Wood, Alex",Sinker,1068,147.8,-40.4,29.2,13.2,1.24,10.4,0.98
274,"Giolito, Lucas",Slider,665,137.9,7.0,11.9,8.2,1.23,5.7,0.85
275,"Freeland, Kyle",Curveball,375,129.2,14.1,-23.9,4.6,1.23,6.0,1.61
276,"Romano, Jordan",Slider,379,142.4,8.7,-2.1,4.7,1.23,2.5,0.66
277,"Loup, Aaron",Cutter,274,136.4,2.7,3.3,3.4,1.22,1.8,0.65
278,"Head, Louis",Slider,257,132.6,32.1,-6.6,3.1,1.22,3.2,1.25
279,"Rogers, Trevor",4-Seam Fastball,1251,152.2,-28.1,37.6,15.2,1.21,13.8,1.10
280,"Hernandez, Carlos",Slider,234,137.4,9.3,2.7,2.8,1.21,1.7,0.71
281,"Smith, Will",Slider,525,132.3,14.9,7.9,6.3,1.21,5.0,0.95
282,"Dunn, Justin",Curveball,280,129.1,42.1,-0.0,3.4,1.20,3.9,1.39
283,"Stammen, Craig",Sinker,623,148.5,-34.0,31.4,7.4,1.19,3.4,0.54
284,"Ray, Robbie",4-Seam Fastball,1866,152.6,-20.8,43.5,22.1,1.18,17.2,0.92
285,"Lyles, Jordan",Sinker,265,147.5,-33.9,31.1,3.1,1.18,2.7,1.02
286,"Kim, Kwang Hyun",Slider,671,134.5,13.3,10.6,7.9,1.17,8.9,1.32
287,"Lynn, Lance",4-Seam Fastball,1081,151.4,-15.5,38.0,12.6,1.17,18.1,1.68
288,"Stroman, Marcus",Cutter,423,144.8,5.1,12.4,4.9,1.16,6.6,1.56
289,"Green, Chad",4-Seam Fastball,866,154.1,-11.4,49.1,10.0,1.16,14.2,1.64
290,"Duffey, Tyler",4-Seam Fastball,469,148.9,-14.1,41.0,5.4,1.15,3.6,0.76
291,"Poteet, Cody",4-Seam Fastball,268,150.7,-18.5,40.6,3.1,1.15,2.4,0.89
292,"Sandlin, Nick",Slider,280,127.7,31.8,17.5,3.2,1.15,3.3,1.19
293,"Suarez, Ranger",Changeup,391,136.9,-38.7,16.6,4.5,1.15,4.2,1.07
294,"Woodruff, Brandon",4-Seam Fastball,985,155.4,-16.2,42.2,11.3,1.15,16.0,1.63
295,"Ellis, Chris",4-Seam Fastball,232,151.0,-27.1,44.3,2.7,1.15,2.4,1.05
296,"Yarbrough, Ryan",Curveball,449,114.4,39.3,13.4,5.1,1.14,6.9,1.55
297,"Sadler, Casey",Cutter,237,142.0,9.4,13.6,2.7,1.14,3.7,1.57
298,"Buehler, Walker",4-Seam Fastball,1540,153.6,-7.9,45.6,17.6,1.14,19.8,1.29
299,"Baragar, Caleb",4-Seam Fastball,290,149.4,-21.8,51.4,3.3,1.13,1.4,0.50
300,"Falter, Bailey",4-Seam Fastball,347,147.8,-18.7,44.5,3.9,1.13,3.9,1.11
301,"Diekman, Jake",Slider,362,134.1,33.6,5.4,4.1,1.13,4.7,1.30
302,"Ray, Robbie",Slider,967,142.7,2.5,18.2,10.9,1.13,6.7,0.69
303,"Freeland, Kyle",4-Seam Fastball,470,147.2,-15.7,32.6,5.3,1.13,4.6,0.97
304,"Ross, Joe",Sinker,792,150.5,-36.2,26.4,8.9,1.12,2.9,0.37
305,"Chatwood, Tyler",Cutter,214,143.2,12.2,1.5,2.4,1.12,4.0,1.85
306,"Pomeranz, Drew",4-Seam Fastball,324,151.2,-5.9,47.9,3.6,1.11,2.5,0.77
307,"Shaw, Bryan",Cutter,1066,149.5,11.8,16.2,11.8,1.11,8.6,0.80
308,"Skubal, Tarik",Slider,581,139.2,4.7,10.2,6.4,1.10,6.7,1.15
309,"Lester, Jon",Changeup,432,130.9,-27.7,17.1,4.7,1.09,2.4,0.56
310,"Tate, Dillon",Slider,246,138.2,7.0,7.7,2.7,1.09,3.5,1.44
311,"Gibson, Kyle",Curveball,261,127.8,18.3,-21.3,2.8,1.09,3.7,1.42
312,"Stratton, Chris",4-Seam Fastball,665,149.7,-11.7,39.7,7.2,1.09,2.8,0.42
313,"Buehler, Walker",Sinker,259,153.5,-34.1,33.8,2.8,1.08,2.4,0.92
314,"Mayza, Tim",Sinker,597,151.3,-43.1,22.7,6.4,1.08,12.8,2.15
315,"Crowe, Wil",Changeup,393,136.9,-24.7,12.9,4.2,1.08,0.4,0.11
316,"Gonzalez, Victor",Sinker,308,151.9,-44.5,20.2,3.3,1.07,1.7,0.54
317,"Anderson, Chase",Changeup,250,131.9,-42.1,36.5,2.7,1.07,4.3,1.72
318,"Webb, Jacob",Changeup,284,134.7,-42.9,20.8,3.0,1.07,-0.5,-0.17
319,"Santana, Edgar",Slider,214,139.4,-3.5,0.8,2.3,1.07,3.6,1.68
320,"Snell, Blake",Slider,572,139.3,10.9,2.7,6.0,1.06,9.7,1.69
321,"Alzolay, Adbert",Slider,778,138.7,18.6,7.9,8.2,1.05,12.3,1.58
322,"Morgan, Eli",Changeup,322,120.4,-37.4,12.4,3.4,1.04,4.8,1.50
323,"Cortes, Nestor",Cutter,359,137.5,13.3,16.6,3.7,1.03,3.9,1.10
324,"Alexy, A. J.",4-Seam Fastball,231,150.2,-10.7,48.8,2.4,1.03,3.7,1.60
325,"Fairbanks, Pete",4-Seam Fastball,472,156.4,3.0,45.9,4.8,1.02,3.6,0.77
326,"McGee, Jake",4-Seam Fastball,805,152.7,-29.1,39.2,8.2,1.02,13.5,1.67
327,"Sandlin, Nick",Sinker,225,152.1,-42.0,9.4,2.3,1.01,0.9,0.41
328,"Watson, Tony",4-Seam Fastball,218,148.9,-36.4,26.2,2.2,1.01,2.5,1.17
329,"Smith, Caleb",Changeup,304,132.2,-35.4,36.1,3.1,1.01,2.1,0.68
330,"Misiewicz, Anthony",4-Seam Fastball,316,151.9,-21.8,40.7,3.2,1.00,1.7,0.54
331,"Buehler, Walker",Cutter,582,147.6,14.9,21.2,5.8,1.00,5.1,0.88
332,"Wheeler, Zack",4-Seam Fastball,1360,156.4,-19.4,40.4,13.6,1.00,20.4,1.50
333,"Urquidy, Jose",Changeup,325,136.1,-39.5,27.7,3.3,1.00,4.5,1.38
334,"Lopez, Reynaldo",4-Seam Fastball,558,154.2,-20.1,43.1,5.6,1.00,8.0,1.44
335,"Chavez, Jesse",Cutter,263,143.4,-3.7,32.1,2.6,1.00,4.6,1.73
336,"Gallen, Zac",4-Seam Fastball,1128,150.3,-8.6,44.1,11.2,1.00,11.7,1.04
337,"McHugh, Collin",Cutter,342,141.1,6.9,19.5,3.4,0.99,5.4,1.58
338,"Holmes, Clay",Sinker,673,154.7,-38.7,14.8,6.7,0.99,11.6,1.73
339,"Wainwright, Adam",Curveball,1083,118.2,41.9,-37.4,10.7,0.99,16.1,1.49
340,"Greinke, Zack",Changeup,610,139.1,-32.2,11.1,6.0,0.99,5.6,0.92
341,"Berrios, Jose",Changeup,402,136.6,-35.3,11.4,4.0,0.98,3.2,0.79
342,"Ober, Bailey",4-Seam Fastball,856,148.6,-16.2,40.2,8.4,0.98,3.4,0.40
343,"Velasquez, Vince",Knuckle Curve,291,132.0,14.8,-27.7,2.8,0.98,-0.3,-0.09
344,"Gsellman, Robert",Sinker,246,151.2,-44.7,17.4,2.4,0.97,0.9,0.38
345,"Bassitt, Chris",Sinker,850,149.3,-41.9,25.8,8.2,0.97,14.8,1.75
346,"Espino, Paolo",Slider,285,124.9,45.8,5.5,2.8,0.97,1.3,0.45
347,"DeSclafani, Anthony",Slider,929,141.6,10.5,11.7,9.0,0.97,7.8,0.84
348,"Paddack, Chris",Curveball,230,126.7,16.4,-42.6,2.2,0.96,2.3,1.02
349,"Houck, Tanner",Slider,487,135.9,33.7,2.1,4.7,0.96,7.4,1.52
350,"Stroman, Marcus",Slider,624,136.8,28.9,3.9,6.0,0.96,7.3,1.17
351,"Manoah, Alek",Sinker,492,149.5,-35.8,24.2,4.7,0.95,5.9,1.21
352,"Espino, Paolo",Curveball,420,114.5,32.7,-47.4,4.0,0.95,5.6,1.33
353,"Kelly, Joe",Sinker,276,157.2,-40.2,25.6,2.6,0.95,4.6,1.68
354,"Mize, Casey",Split-Finger,312,138.2,-30.6,1.0,2.9,0.95,0.7,0.22
355,"Staumont, Josh",4-Seam Fastball,476,155.4,-7.5,46.8,4.5,0.95,5.6,1.17
356,"Reyes, Alex",4-Seam Fastball,385,155.5,-13.1,44.4,3.6,0.95,-0.6,-0.15
357,"King, Mike",Sinker,535,151.1,-44.4,21.3,5.0,0.94,3.4,0.64
358,"German, Domingo",Curveball,536,130.6,3.7,-9.8,5.0,0.94,8.7,1.62
359,"Sanchez, Miguel",Changeup,241,143.4,-27.4,5.8,2.3,0.94,3.7,1.54
360,"Pressly, Ryan",4-Seam Fastball,441,153.4,-2.1,43.1,4.1,0.93,5.8,1.31
361,"Anderson, Ian",Changeup,793,141.8,-25.9,30.4,7.3,0.93,10.0,1.26
362,"McClanahan, Shane",Slider,711,143.4,9.7,4.9,6.5,0.91,4.7,0.66
363,"Plesac, Zach",Changeup,540,138.1,-31.2,26.5,4.9,0.91,4.3,0.79
364,"Price, David",Cutter,238,143.2,-1.6,21.0,2.2,0.91,0.4,0.18
365,"Gomber, Austin",Changeup,360,133.8,-25.2,28.7,3.3,0.91,4.2,1.17
366,"Eovaldi, Nathan",Curveball,611,126.6,25.3,-26.5,5.5,0.91,7.2,1.18
367,"Miley, Wade",Changeup,709,131.9,-37.5,17.3,6.4,0.90,1.6,0.23
368,"Gilbreath, Lucas",4-Seam Fastball,461,150.3,-0.5,38.4,4.1,0.90,5.6,1.21
369,"Rogers, Trevor",Changeup,595,136.6,-33.9,3.9,5.3,0.89,7.8,1.31
370,"Hill, Rich",Curveball,1105,114.9,51.0,-26.4,9.8,0.89,5.9,0.54
371,"McKenzie, Triston",Curveball,356,127.8,15.5,-22.5,3.1,0.88,7.0,1.96
372,"Buehler, Walker",Knuckle Curve,448,129.1,27.3,-37.5,3.9,0.88,3.0,0.67
373,"Sheffield, Jordan",4-Seam Fastball,294,155.1,-18.5,42.3,2.6,0.88,4.3,1.45
374,"Hearn, Taylor",4-Seam Fastball,797,153.2,-16.0,42.5,7.0,0.88,3.2,0.41
375,"Fried, Max",4-Seam Fastball,1154,151.4,-3.0,32.0,10.1,0.87,9.1,0.79
376,"Trivino, Lou",Sinker,385,154.4,-42.3,24.5,3.4,0.87,1.1,0.29
377,"Strickland, Hunter",4-Seam Fastball,520,152.8,-8.7,35.3,4.5,0.87,1.8,0.35
378,"Barlow, Scott",Slider,568,136.8,19.5,-3.0,4.9,0.86,4.9,0.87
379,"Mahle, Tyler",Split-Finger,505,139.1,-36.9,20.9,4.3,0.86,8.3,1.64
380,"Cimber, Adam",4-Seam Fastball,332,140.1,-30.0,11.3,2.8,0.86,4.3,1.31
381,"Melancon, Mark",Cutter,660,148.1,2.4,26.7,5.6,0.85,3.7,0.56
382,"Jackson, Jay",Slider,253,136.7,17.8,1.9,2.2,0.85,0.4,0.17
383,"De Leon, Jose",Sinker,218,149.8,-26.7,41.0,1.8,0.85,1.0,0.45
384,"Cimber, Adam",Slider,328,126.3,15.7,12.3,2.8,0.84,3.1,0.96
385,"Cobb, Alex",Knuckle Curve,258,133.6,12.3,-25.7,2.2,0.84,3.0,1.16
386,"Miley, Wade",4-Seam Fastball,423,144.7,-7.1,42.2,3.5,0.83,3.1,0.73
387,"Springs, Jeffrey",Changeup,209,135.2,-31.9,28.3,1.7,0.83,3.3,1.59
388,"Manoah, Alek",4-Seam Fastball,668,150.8,-12.7,40.1,5.5,0.83,6.1,0.91
389,"Wheeler, Zack",Curveball,342,131.2,25.0,-29.3,2.8,0.83,3.2,0.94
390,"Gausman, Kevin",4-Seam Fastball,1630,152.3,-26.5,41.7,13.5,0.83,18.0,1.10
391,"Castro, Anthony",Slider,215,135.5,32.2,-2.9,1.8,0.82,0.3,0.16
392,"Adams, Austin",Slider,838,139.9,25.3,2.0,6.9,0.82,6.2,0.75
393,"Peralta, Freddy",Slider,643,129.7,36.3,7.9,5.3,0.82,8.6,1.33
394,"Hembree, Heath",Slider,515,139.3,21.0,18.9,4.2,0.82,6.0,1.17
395,"Selman, Sam",4-Seam Fastball,273,146.4,-11.5,38.7,2.2,0.82,1.8,0.67
396,"Lopez, Pablo",Cutter,225,147.5,-5.3,23.1,1.8,0.82,1.9,0.83
397,"Eovaldi, Nathan",Slider,439,138.2,15.3,5.1,3.6,0.81,-2.6,-0.60
398,"Scherzer, Max",Changeup,465,136.8,-38.7,9.9,3.8,0.81,7.9,1.71
399,"Parker, Blake",4-Seam Fastball,330,146.0,-6.9,40.0,2.7,0.81,-0.1,-0.03
400,"Wittgren, Nick",4-Seam Fastball,576,148.9,-21.4,38.3,4.6,0.81,3.3,0.58
401,"Pineda, Michael",4-Seam Fastball,925,145.9,-16.5,36.4,7.4,0.80,4.3,0.46
402,"Perdomo, Angel",4-Seam Fastball,230,151.9,-12.4,43.9,1.8,0.80,-0.0,-0.02
403,"Yardley, Eric",Sinker,230,140.1,-42.5,-17.2,1.8,0.79,1.8,0.79
404,"Yarbrough, Ryan",Sinker,336,139.1,-36.0,29.1,2.7,0.79,3.6,1.07
405,"Fried, Max",Curveball,752,119.9,21.3,-39.4,5.9,0.79,8.9,1.19
406,"Kimbrel, Craig",4-Seam Fastball,616,155.4,-26.1,37.1,4.8,0.78,6.2,1.01
407,"Sawamura, Hirokazu",Split-Finger,389,147.5,-18.4,9.7,3.0,0.78,1.3,0.32
408,"Thompson, Keegan",4-Seam Fastball,459,151.1,-15.6,39.0,3.6,0.77,-1.8,-0.38
409,"Houck, Tanner",Sinker,220,150.0,-37.9,-1.2,1.7,0.76,0.8,0.34
410,"Bradley, Archie",4-Seam Fastball,431,151.3,-21.3,41.6,3.3,0.76,1.5,0.35
411,"Eovaldi, Nathan",Cutter,399,149.1,1.0,29.8,3.0,0.76,3.7,0.93
412,"Flaherty, Jack",4-Seam Fastball,684,150.7,-10.2,39.1,5.2,0.76,7.8,1.14
413,"DeSclafani, Anthony",4-Seam Fastball,702,151.5,-24.4,41.4,5.3,0.76,7.7,1.09
414,"Cease, Dylan",Slider,925,138.4,17.5,-2.8,7.0,0.75,11.0,1.18
415,"Wendelken, J. B.",4-Seam Fastball,378,151.8,-7.0,36.5,2.8,0.75,2.6,0.69
416,"Peterson, David",4-Seam Fastball,326,149.2,-26.1,37.9,2.4,0.75,3.7,1.12
417,"Sewald, Paul",Slider,459,131.6,33.7,14.9,3.4,0.75,1.7,0.38
418,"Snell, Blake",4-Seam Fastball,1232,153.2,-14.6,47.8,9.2,0.74,8.7,0.71
419,"Kaprielian, James",Slider,353,137.3,2.1,11.7,2.6,0.74,2.2,0.61
420,"Howard, Sam",Slider,466,136.6,5.3,13.4,3.4,0.74,4.9,1.06
421,"Thielbar, Caleb",Slider,380,129.2,36.7,3.2,2.8,0.73,3.9,1.02
422,"Gant, John",Cutter,388,137.5,4.5,14.9,2.8,0.73,1.5,0.40
423,"Abreu, Albert",Slider,224,140.5,7.2,8.9,1.6,0.73,0.1,0.03
424,"Holland, Derek",Sinker,391,149.8,-39.8,36.0,2.8,0.72,4.3,1.10
425,"DeSclafani, Anthony",Changeup,271,142.0,-39.9,12.5,2.0,0.72,1.8,0.65
426,"Boyd, Matt",Changeup,286,128.7,-41.2,15.2,2.0,0.71,2.4,0.84
427,"Doval, Camilo",4-Seam Fastball,205,158.9,-11.3,32.7,1.5,0.71,0.1,0.03
428,"Kluber, Corey",Curveball,393,131.9,42.9,0.6,2.8,0.71,6.8,1.73
429,"Eflin, Zach",Sinker,670,148.8,-42.8,19.3,4.7,0.71,3.2,0.48
430,"Lyles, Jordan",Slider,688,134.2,25.8,0.6,4.9,0.71,3.8,0.55
431,"Pivetta, Nick",Knuckle Curve,703,126.5,20.2,-47.2,5.0,0.71,3.8,0.55
432,"McCullers, Lance",Sinker,1010,151.3,-34.6,15.5,7.1,0.70,-2.1,-0.21
433,"Smith, Will",4-Seam Fastball,572,149.5,-18.5,44.0,4.0,0.70,3.4,0.59
434,"Fulmer, Michael",4-Seam Fastball,207,153.7,-5.6,41.5,1.5,0.70,1.1,0.51
435,"Urquidy, Jose",4-Seam Fastball,973,149.0,-19.9,49.3,6.8,0.70,10.5,1.08
436,"Watson, Tony",Changeup,288,138.2,-50.6,18.2,2.0,0.70,6.6,2.31
437,"Junis, Jakob",Slider,250,133.4,31.5,-0.3,1.7,0.69,3.2,1.27
438,"Ruiz, Jose",4-Seam Fastball,628,156.2,-16.3,45.0,4.3,0.69,8.5,1.36
439,"Alvarez, Jose",Changeup,272,130.7,-36.6,11.0,1.8,0.68,1.1,0.42
440,"Alcantara, Sandy",Changeup,728,147.8,-40.8,8.4,4.9,0.68,4.0,0.55
441,"Odorizzi, Jake",4-Seam Fastball,1086,148.4,-28.8,42.6,7.4,0.68,13.3,1.22
442,"Barnes, Jacob",4-Seam Fastball,313,152.5,-7.0,47.4,2.1,0.68,-0.2,-0.05
443,"Holland, Greg",Slider,482,137.9,12.8,3.1,3.3,0.67,3.7,0.77
444,"Brentz, Jake",4-Seam Fastball,645,156.0,-24.2,36.9,4.3,0.67,5.1,0.79
445,"Bender, Anthony",Slider,450,136.2,23.1,-6.1,3.0,0.67,4.0,0.90
446,"Wells, Tyler",4-Seam Fastball,501,153.2,-10.5,50.5,3.3,0.67,8.7,1.75
447,"Glasnow, Tyler",Slider,431,140.9,6.6,-10.6,2.8,0.66,2.4,0.55
448,"Flexen, Chris",4-Seam Fastball,1124,149.3,-5.2,46.7,7.4,0.66,5.3,0.47
449,"Wainwright, Adam",Changeup,203,133.2,-35.2,19.7,1.3,0.65,1.7,0.84
450,"Williams, Trevor",4-Seam Fastball,743,147.4,-9.8,31.8,4.8,0.64,1.7,0.22
451,"Ohtani, Shohei",Cutter,247,139.9,9.2,10.3,1.6,0.64,2.4,0.99
452,"Akin, Keegan",4-Seam Fastball,1011,148.2,-27.3,45.9,6.4,0.63,3.6,0.36
453,"Floro, Dylan",Changeup,259,139.1,-42.4,7.2,1.6,0.63,1.1,0.43
454,"Chargois, J. T.",Slider,530,141.2,-0.7,9.0,3.3,0.63,3.7,0.70
455,"Hoffman, Jeff",Slider,292,131.9,16.0,-10.0,1.8,0.63,2.7,0.92
456,"Wood, Alex",Slider,724,135.2,10.1,-6.5,4.5,0.63,8.3,1.14
457,"Hand, Brad",Slider,458,129.0,42.7,-6.9,2.9,0.63,6.0,1.31
458,"Diaz, Miguel",4-Seam Fastball,321,152.0,-32.7,38.3,2.0,0.62,-0.8,-0.25
459,"Webb, Logan",Changeup,595,138.8,-22.5,-12.9,3.7,0.62,-0.5,-0.09
460,"Foster, Matt",4-Seam Fastball,463,150.7,-16.8,47.5,2.8,0.61,4.3,0.93
461,"Wainwright, Adam",Cutter,690,136.8,16.1,16.4,4.2,0.61,4.6,0.66
462,"Patino, Luis",4-Seam Fastball,847,154.2,-10.6,47.2,5.2,0.61,8.7,1.03
463,"Hernandez, Carlos",4-Seam Fastball,696,156.3,-17.4,43.7,4.2,0.60,4.6,0.66
464,"Irvin, Cole",4-Seam Fastball,1094,146.1,-20.8,42.1,6.5,0.60,4.5,0.41
465,"Jimenez, Joe",4-Seam Fastball,468,152.4,-21.6,45.5,2.8,0.59,1.6,0.34
466,"Sborz, Josh",Slider,317,141.7,1.8,2.5,1.9,0.59,0.6,0.18
467,"Sims, Lucas",Curveball,210,133.5,26.9,-7.1,1.2,0.59,-0.2,-0.08
468,"Maeda, Kenta",Slider,652,132.2,13.3,13.3,3.8,0.58,3.1,0.47
469,"Mahle, Tyler",4-Seam Fastball,1697,151.4,-30.7,43.5,9.8,0.58,7.5,0.44
470,"Luzardo, Jesus",Curveball,496,134.3,-0.4,5.8,2.8,0.57,2.7,0.55
471,"Cishek, Steve",Sinker,556,145.2,-43.5,12.5,3.2,0.57,3.7,0.67
472,"Matz, Steven",Sinker,1328,152.1,-38.2,31.2,7.4,0.56,1.5,0.12
473,"Manoah, Alek",Slider,512,130.5,39.4,0.2,2.8,0.56,7.1,1.39
474,"Nola, Aaron",Knuckle Curve,801,126.3,37.1,-26.0,4.4,0.55,7.9,0.99
475,"Maton, Phil",4-Seam Fastball,666,147.5,1.2,34.5,3.7,0.55,3.7,0.55
476,"Bubic, Kris",4-Seam Fastball,1144,146.3,-15.7,39.1,6.3,0.55,5.8,0.51
477,"Vest, Will",4-Seam Fastball,345,150.6,-28.7,36.5,1.9,0.54,3.3,0.95
478,"Gant, John",Sinker,732,147.4,-41.3,32.1,4.0,0.54,2.6,0.36
479,"Steele, Justin",4-Seam Fastball,436,150.0,-5.1,39.0,2.3,0.54,-0.2,-0.05
480,"Santiago, Hector",4-Seam Fastball,321,146.4,-30.4,39.1,1.7,0.54,3.2,0.98
481,"Montas, Frankie",4-Seam Fastball,878,155.2,-17.8,44.2,4.7,0.54,7.0,0.79
482,"Mize, Casey",4-Seam Fastball,685,151.1,-23.2,40.1,3.7,0.53,0.1,0.01
483,"Canning, Griffin",Changeup,229,143.4,-45.6,20.5,1.2,0.52,1.7,0.73
484,"Arrieta, Jake",Curveball,269,129.4,30.8,-25.9,1.4,0.52,0.1,0.05
485,"Helsley, Ryan",4-Seam Fastball,449,156.8,-9.1,43.1,2.3,0.52,1.1,0.24
486,"Feyereisen, J. P.",Changeup,201,141.1,-37.9,6.9,1.0,0.52,2.0,0.98
487,"Lauer, Eric",Cutter,364,145.4,-10.3,31.2,1.9,0.51,1.0,0.28
488,"Stanek, Ryne",4-Seam Fastball,777,157.1,-25.7,41.9,4.0,0.51,4.5,0.58
489,"Lucchesi, Joey",Curveball,236,126.7,7.4,-4.1,1.2,0.50,1.2,0.51
490,"Gray, Josiah",Slider,243,137.9,3.3,13.2,1.2,0.50,1.7,0.70
491,"Weaver, Luke",4-Seam Fastball,687,150.7,-18.8,44.6,3.4,0.50,4.5,0.66
492,"Rogers, Tyler",4-Seam Fastball,627,133.1,-3.0,-34.3,3.1,0.50,1.0,0.16
493,"Kinley, Tyler",Slider,604,145.3,1.8,14.1,3.0,0.49,5.5,0.91
494,"Long, Sammy",4-Seam Fastball,309,149.1,-17.9,45.5,1.5,0.49,1.3,0.43
495,"Hearn, Taylor",Sinker,374,151.0,-37.9,27.5,1.8,0.49,2.9,0.76
496,"Bender, Anthony",Sinker,504,155.9,-40.0,6.3,2.5,0.49,1.8,0.36
497,"Petit, Yusmeiro",Cutter,253,136.0,-2.8,43.5,1.2,0.49,1.7,0.68
498,"Swanson, Erik",4-Seam Fastball,338,152.5,-21.6,48.3,1.6,0.48,1.8,0.52
499,"Stammen, Craig",Cutter,289,143.4,1.1,25.4,1.4,0.48,4.3,1.49
500,"Whitlock, Garrett",Changeup,259,133.9,-42.9,8.2,1.2,0.48,3.3,1.28
501,"Quintana, Jose",Sinker,221,147.5,-31.5,39.3,1.0,0.48,1.3,0.59
502,"Perez, Martin",Sinker,487,149.4,-42.6,26.6,2.3,0.47,3.2,0.65
503,"Allen, Logan",Slider,276,131.5,33.0,-1.7,1.3,0.47,0.3,0.11
504,"Stratton, Chris",Curveball,348,129.1,39.7,-22.4,1.6,0.46,2.9,0.83
505,"Ottavino, Adam",Slider,547,129.8,48.1,-1.1,2.5,0.46,-0.6,-0.11
506,"Dobnak, Randy",Sinker,449,147.5,-41.1,-0.6,2.0,0.45,1.6,0.37
507,"Montas, Frankie",Sinker,885,154.9,-37.8,36.0,4.0,0.45,3.7,0.42
508,"Stephan, Trevor",4-Seam Fastball,723,154.8,-22.7,36.8,3.3,0.45,-4.9,-0.68
509,"Bassitt, Chris",Cutter,436,143.0,1.9,23.9,2.0,0.45,0.0,0.00
510,"Greinke, Zack",4-Seam Fastball,1075,143.2,-3.2,41.9,4.9,0.45,6.0,0.56
511,"Taillon, Jameson",4-Seam Fastball,1171,151.2,-8.5,45.4,5.3,0.45,13.4,1.15
512,"Ynoa, Huascar",Slider,731,137.0,6.1,-10.1,3.3,0.45,8.4,1.14
513,"Diaz, Miguel",Changeup,361,138.4,-44.0,8.7,1.6,0.44,1.4,0.40
514,"Dunning, Dane",Sinker,996,145.5,-36.9,16.6,4.4,0.44,5.1,0.52
515,"Gray, Sonny",Curveball,512,127.7,35.6,-34.8,2.3,0.44,0.5,0.09
516,"Castillo, Luis",Changeup,960,142.2,-42.6,2.4,4.1,0.42,6.7,0.70
517,"Kopech, Michael",Slider,356,135.5,23.6,-2.4,1.5,0.42,3.3,0.94
518,"Gonzales, Marco",Changeup,466,127.7,-42.2,25.8,2.0,0.42,4.8,1.03
519,"Rogers, Josh",4-Seam Fastball,274,145.6,-29.3,39.6,1.1,0.42,0.6,0.23
520,"Holmes, Clay",Slider,315,141.3,6.4,-4.0,1.3,0.42,5.7,1.80
521,"Santana, Dennis",Sinker,385,153.4,-44.9,24.4,1.6,0.41,3.1,0.80
522,"Romo, Sergio",Sinker,328,137.6,-47.4,10.4,1.3,0.41,3.7,1.12
523,"Kelly, Merrill",Changeup,424,140.5,-38.7,14.8,1.7,0.41,-0.3,-0.07
524,"Cessa, Luis",Slider,538,133.2,8.4,-8.1,2.2,0.41,4.1,0.76
525,"Gonsolin, Tony",4-Seam Fastball,452,151.0,-17.4,44.9,1.8,0.40,-4.3,-0.95
526,"Stroman, Marcus",Sinker,1159,148.0,-24.8,10.7,4.7,0.40,4.1,0.35
527,"Alexander, Tyler",Cutter,581,138.8,9.3,21.5,2.3,0.40,2.5,0.44
528,"Shreve, Chasen",4-Seam Fastball,376,147.4,-23.7,43.7,1.5,0.40,2.9,0.76
529,"Sampson, Adrian",Sinker,308,147.9,-33.6,31.2,1.2,0.40,-1.1,-0.35
530,"Taillon, Jameson",Slider,474,140.0,13.7,15.4,1.9,0.40,-1.3,-0.28
531,"Walker, Taijuan",Sinker,553,150.8,-39.7,33.2,2.2,0.40,4.5,0.81
532,"Castro, Miguel",Changeup,270,148.3,-48.2,5.3,1.1,0.40,1.9,0.71
533,"Kikuchi, Yusei",Cutter,896,147.0,-0.1,24.2,3.6,0.40,0.1,0.01
534,"Quantrill, Cal",Sinker,854,151.8,-32.8,34.8,3.4,0.39,5.6,0.65
535,"Cabrera, Genesis",4-Seam Fastball,534,157.2,-19.3,46.4,2.1,0.39,8.1,1.51
536,"Staumont, Josh",Curveball,380,130.9,24.6,-32.4,1.5,0.39,3.8,1.00
537,"Banda, Anthony",Changeup,227,138.7,-38.0,16.1,0.9,0.39,-0.5,-0.22
538,"Woodruff, Brandon",Slider,250,139.2,9.7,-6.8,1.0,0.38,1.6,0.62
539,"Lyles, Jordan",Changeup,216,139.0,-34.7,23.4,0.8,0.38,-0.7,-0.30
540,"Fleming, Josh",Cutter,440,139.0,-1.3,17.4,1.7,0.38,1.8,0.40
541,"Valdez, Framber",Sinker,1262,149.3,-33.2,12.8,4.8,0.38,2.6,0.20
542,"Lopez, Pablo",Sinker,211,150.8,-40.4,17.2,0.8,0.37,-1.3,-0.60
543,"Cortes, Nestor",Slider,306,124.7,36.8,12.0,1.1,0.37,1.5,0.48
544,"Muller, Kyle",4-Seam Fastball,280,150.3,-16.5,38.4,1.0,0.37,-0.4,-0.16
545,"Gomber, Austin",Slider,449,137.2,13.6,7.6,1.7,0.37,5.8,1.30
546,"Keller, Brad",Slider,818,138.7,15.4,-10.0,3.0,0.37,0.5,0.06
547,"Skubal, Tarik",Changeup,308,132.2,-22.2,31.0,1.1,0.36,1.4,0.44
548,"Megill, Tylor",Slider,288,138.0,6.0,7.8,1.0,0.36,-1.5,-0.52
549,"Stroman, Marcus",Split-Finger,443,138.6,-30.9,4.1,1.6,0.36,3.8,0.86
550,"Gibson, Kyle",Slider,462,134.4,14.3,-2.2,1.7,0.36,4.1,0.90
551,"Guerra, Deolis",Changeup,336,131.5,-33.4,16.7,1.2,0.36,0.8,0.25
552,"Gonsolin, Tony",Split-Finger,237,134.1,-30.2,10.9,0.8,0.36,3.2,1.35
553,"Kopech, Michael",4-Seam Fastball,774,156.7,-24.9,47.0,2.7,0.35,4.8,0.62
554,"Eflin, Zach",4-Seam Fastball,201,149.9,-25.9,35.4,0.7,0.35,-0.2,-0.11
555,"Alcala, Jorge",4-Seam Fastball,318,156.8,-27.1,40.8,1.1,0.35,1.2,0.39
556,"Smyly, Drew",Curveball,977,127.0,-7.3,-0.0,3.4,0.35,-1.0,-0.11
557,"Irvin, Cole",Changeup,590,135.6,-32.5,23.0,2.0,0.35,6.6,1.12
558,"Patino, Luis",Slider,371,138.4,20.5,16.6,1.3,0.35,-0.2,-0.05
559,"Luetge, Lucas",Cutter,769,142.2,12.2,18.8,2.6,0.34,7.0,0.91
560,"Romo, Sergio",Slider,581,123.9,34.8,20.7,2.0,0.34,3.8,0.65
561,"Senzatela, Antonio",4-Seam Fastball,1303,152.3,-12.4,28.0,4.5,0.34,6.8,0.52
562,"Nola, Aaron",4-Seam Fastball,1121,149.6,-33.8,36.0,3.8,0.34,4.5,0.41
563,"Boyd, Matt",4-Seam Fastball,535,148.1,-27.2,38.6,1.8,0.33,1.4,0.26
564,"Bass, Anthony",Slider,479,138.3,11.3,-7.1,1.6,0.33,4.7,0.98
565,"Vesia, Alex",4-Seam Fastball,534,151.1,-17.2,50.2,1.7,0.33,4.0,0.75
566,"Loaisiga, Jonathan",Changeup,201,144.9,-40.3,28.7,0.7,0.33,3.6,1.81
567,"Brothers, Rex",Slider,344,138.7,2.6,3.5,1.1,0.32,4.1,1.18
568,"Greinke, Zack",Curveball,438,114.4,28.8,-26.5,1.4,0.32,1.9,0.43
569,"Kim, Kwang Hyun",4-Seam Fastball,731,143.5,-1.8,39.7,2.3,0.31,-4.4,-0.61
570,"Springs, Jeffrey",4-Seam Fastball,315,150.4,-27.8,45.9,0.9,0.30,1.9,0.61
571,"Anderson, Tyler",Cutter,702,136.9,5.5,24.8,2.0,0.29,3.9,0.55
572,"Miley, Wade",Cutter,1207,137.5,10.1,17.6,3.3,0.28,0.1,0.01
573,"Minor, Mike",4-Seam Fastball,1123,146.4,-4.9,37.3,3.0,0.27,4.5,0.40
574,"Smith, Burch",4-Seam Fastball,467,150.4,-17.9,43.3,1.3,0.27,0.1,0.03
575,"Garcia, Yimi",4-Seam Fastball,424,154.4,-17.3,32.1,1.1,0.27,0.8,0.19
576,"Hernandez, Darwinzon",4-Seam Fastball,580,152.6,-12.3,33.6,1.5,0.27,1.1,0.20
577,"McClanahan, Shane",4-Seam Fastball,863,155.2,-26.8,41.4,2.3,0.26,-1.3,-0.15
578,"Marquez, German",Knuckle Curve,507,137.2,10.2,-7.6,1.3,0.26,5.2,1.03
579,"Means, John",Changeup,635,134.3,-32.6,43.1,1.7,0.26,9.0,1.41
580,"Santana, Edgar",Sinker,390,151.8,-38.9,15.8,1.0,0.26,1.5,0.38
581,"Gil, Luis",4-Seam Fastball,284,154.7,-11.5,45.1,0.7,0.26,-0.3,-0.11
582,"Marquez, German",Slider,749,138.9,3.9,3.7,1.9,0.26,2.2,0.30
583,"Hentges, Sam",Curveball,314,129.2,17.9,-37.4,0.8,0.25,3.0,0.96
584,"Bielak, Brandon",4-Seam Fastball,335,151.3,-13.3,38.6,0.8,0.24,0.9,0.27
585,"Cessa, Luis",4-Seam Fastball,200,151.0,-16.2,38.7,0.5,0.24,0.7,0.37
586,"Montgomery, Jordan",4-Seam Fastball,417,149.1,-18.9,42.3,1.0,0.23,-1.6,-0.38
587,"Crismatt, Nabil",Changeup,686,132.5,-35.3,3.9,1.5,0.22,4.4,0.64
588,"Morton, Charlie",4-Seam Fastball,1180,153.9,-33.1,31.6,2.6,0.22,9.7,0.82
589,"Sale, Chris",Slider,296,126.1,28.9,-11.2,0.6,0.22,2.7,0.90
590,"Ross, Joe",Slider,532,136.2,8.8,5.9,1.1,0.21,5.4,1.02
591,"Hill, Tim",4-Seam Fastball,454,148.2,-48.0,11.2,0.9,0.21,3.1,0.69
592,"Lange, Alex",Slider,251,136.2,6.2,-18.9,0.5,0.21,0.8,0.32
593,"Pivetta, Nick",4-Seam Fastball,1535,152.6,-12.7,50.3,3.1,0.20,3.7,0.24
594,"Leone, Dominic",4-Seam Fastball,420,153.7,-15.2,39.2,0.8,0.20,3.3,0.78
595,"Scherzer, Max",Cutter,287,145.3,-2.8,22.9,0.6,0.20,-0.3,-0.12
596,"Gibson, Kyle",Sinker,980,148.6,-37.9,19.4,1.8,0.18,3.4,0.34
597,"Luetge, Lucas",Slider,282,131.0,23.3,-4.5,0.5,0.18,-1.5,-0.53
598,"Garcia, Yimi",Slider,309,145.6,8.9,15.4,0.5,0.18,2.1,0.68
599,"Ynoa, Huascar",4-Seam Fastball,606,155.4,-19.7,42.7,1.1,0.18,-1.0,-0.17
600,"Karinchak, James",4-Seam Fastball,696,154.4,-12.9,44.5,1.2,0.18,3.5,0.51
601,"Underwood, Duane",Changeup,321,141.3,-36.9,18.8,0.6,0.17,-0.8,-0.26
602,"Kelly, Merrill",Curveball,438,130.9,23.2,-24.9,0.8,0.17,4.3,0.98
603,"Eovaldi, Nathan",4-Seam Fastball,1373,156.0,-31.2,36.5,2.3,0.17,3.6,0.27
604,"Bumgarner, Madison",4-Seam Fastball,748,145.6,-21.5,39.1,1.3,0.17,5.2,0.69
605,"Alcantara, Sandy",Slider,746,145.6,-3.3,8.7,1.2,0.16,9.4,1.25
606,"Widener, Taylor",4-Seam Fastball,809,149.0,-14.7,38.9,1.2,0.15,-2.3,-0.29
607,"Parker, Blake",Split-Finger,248,127.7,-19.2,7.4,0.4,0.15,-0.5,-0.18
608,"Sims, Lucas",4-Seam Fastball,336,153.1,-21.6,46.0,0.5,0.14,3.9,1.15
609,"Megill, Tylor",4-Seam Fastball,895,152.3,-24.0,41.2,1.3,0.14,1.5,0.17
610,"Valdez, Phillips",Sinker,272,149.2,-46.1,13.6,0.4,0.14,1.7,0.63
611,"Sborz, Josh",4-Seam Fastball,588,155.7,-16.9,48.5,0.8,0.13,2.9,0.49
612,"McKenzie, Triston",Slider,378,139.1,12.5,12.8,0.5,0.13,3.6,0.96
613,"Cole, Gerrit",Knuckle Curve,470,134.3,26.5,-30.5,0.6,0.13,-2.2,-0.46
614,"Bieber, Shane",4-Seam Fastball,551,149.3,-24.6,47.1,0.6,0.12,-1.1,-0.21
615,"Sawamura, Hirokazu",4-Seam Fastball,451,154.7,-20.9,41.6,0.5,0.12,-3.3,-0.72
616,"Kikuchi, Yusei",4-Seam Fastball,912,153.2,-25.8,41.4,1.0,0.11,-1.0,-0.11
617,"Santillan, Tony",4-Seam Fastball,360,153.0,-26.6,36.7,0.4,0.11,-2.9,-0.80
618,"Lucchesi, Joey",Sinker,388,146.6,-35.5,35.9,0.4,0.10,2.5,0.65
619,"Bumgarner, Madison",Curveball,497,125.2,25.8,-7.0,0.5,0.10,-0.1,-0.01
620,"Mears, Nick",4-Seam Fastball,290,153.9,-9.7,48.2,0.3,0.10,1.4,0.49
621,"Rodriguez, Jefry",4-Seam Fastball,212,152.5,-17.9,43.4,0.2,0.09,0.3,0.16
622,"Manaea, Sean",Sinker,1787,148.4,-35.0,31.2,1.5,0.09,0.9,0.05
623,"Petit, Yusmeiro",4-Seam Fastball,491,141.0,-12.8,45.7,0.4,0.08,1.0,0.20
624,"Barlow, Scott",4-Seam Fastball,405,153.4,-13.4,36.1,0.3,0.08,1.8,0.45
625,"Abreu, Bryan",4-Seam Fastball,310,154.0,-20.3,43.3,0.2,0.07,-0.9,-0.29
626,"Patton, Spencer",4-Seam Fastball,392,150.4,-24.3,39.8,0.3,0.07,2.7,0.69
627,"Happ, J. A.",Sinker,471,143.4,-35.0,21.0,0.3,0.07,0.7,0.15
628,"Flaherty, Jack",Slider,383,134.7,18.8,10.9,0.2,0.06,0.7,0.18
629,"Lopez, Pablo",Changeup,543,141.7,-44.3,7.7,0.3,0.06,1.1,0.21
630,"Boxberger, Brad",Changeup,220,132.9,-31.1,12.1,0.1,0.05,-0.2,-0.10
631,"Houck, Tanner",4-Seam Fastball,496,152.2,-17.1,20.4,0.3,0.05,4.1,0.82
632,"Green, Chad",Curveball,458,136.9,20.1,-7.3,0.2,0.05,0.3,0.07
633,"Cease, Dylan",4-Seam Fastball,1405,155.7,-11.3,47.7,0.7,0.05,0.4,0.03
634,"Gray, Josiah",Curveball,304,134.8,3.9,-8.6,0.1,0.05,3.0,0.99
635,"Garcia, Luis",4-Seam Fastball,1275,150.5,-12.9,46.8,0.6,0.04,-1.6,-0.12
636,"Allard, Kolby",4-Seam Fastball,964,147.3,-20.0,43.2,0.4,0.04,4.2,0.43
637,"Weathers, Ryan",Slider,494,139.4,5.7,13.7,0.2,0.04,0.4,0.09
638,"Bieber, Shane",Knuckle Curve,487,133.8,21.9,-33.1,0.2,0.04,-1.0,-0.21
639,"Detwiler, Ross",Cutter,326,137.1,1.1,12.5,0.1,0.03,1.2,0.37
640,"Cobb, Alex",Sinker,664,149.2,-39.4,30.6,0.2,0.03,2.3,0.34
641,"Young, Alex",Sinker,231,144.2,-34.3,16.2,0.1,0.03,0.6,0.28
642,"Ryan, Joe",4-Seam Fastball,271,146.8,-27.7,37.1,0.1,0.02,5.9,2.17
643,"Kershaw, Clayton",Curveball,273,119.5,12.1,-38.8,0.1,0.02,0.3,0.09
644,"Kranick, Max",Slider,214,141.5,11.3,19.0,0.0,0.02,1.2,0.54
645,"Martin, Brett",4-Seam Fastball,221,150.7,-14.8,38.3,0.0,0.02,2.1,0.94
646,"Bumgarner, Madison",Cutter,786,138.4,7.2,20.6,0.2,0.02,2.8,0.35
647,"Winkler, Dan",Cutter,524,146.8,1.4,31.2,0.1,0.01,-1.0,-0.19
648,"Detwiler, Ross",4-Seam Fastball,303,147.9,-26.7,41.9,0.0,0.01,-0.3,-0.09
649,"Chapman, Aroldis",Slider,268,137.0,32.1,5.8,0.0,0.01,2.0,0.74
650,"Wisler, Matt",Slider,735,131.2,24.2,-1.1,0.0,0.00,6.7,0.91
651,"Littell, Zack",Slider,387,141.4,7.4,17.0,-0.0,-0.00,-1.0,-0.27
652,"Berrios, Jose",Curveball,929,133.5,38.2,-9.0,-0.0,-0.00,3.6,0.38
653,"Ohtani, Shohei",4-Seam Fastball,895,153.9,-9.7,39.0,-0.0,-0.00,-5.4,-0.60
654,"Corbin, Patrick",Slider,1050,129.9,9.0,1.0,-0.0,-0.00,-2.2,-0.21
655,"Heaney, Andrew",4-Seam Fastball,1338,148.1,-39.0,38.5,-0.0,-0.00,-3.6,-0.27
656,"Hudson, Daniel",4-Seam Fastball,590,156.1,-26.1,42.2,-0.0,-0.00,1.5,0.26
657,"Ramirez, Yohan",4-Seam Fastball,234,153.7,-32.6,30.8,-0.0,-0.00,1.1,0.47
658,"Javier, Cristian",4-Seam Fastball,1191,150.7,-19.8,45.4,-0.1,-0.01,0.2,0.01
659,"Morgan, Eli",4-Seam Fastball,687,145.6,-29.0,43.9,-0.1,-0.02,-2.4,-0.35
660,"Ryu, Hyun Jin",Changeup,684,128.6,-35.6,17.1,-0.2,-0.02,1.2,0.17
661,"Gray, Sonny",Sinker,653,148.8,-33.5,24.3,-0.2,-0.03,5.7,0.88
662,"Alexander, Tyler",4-Seam Fastball,247,145.7,-17.9,41.8,-0.1,-0.03,-2.4,-0.97
663,"Gonzales, Marco",Sinker,1054,142.3,-27.9,44.5,-0.4,-0.03,-0.2,-0.02
664,"Musgrove, Joe",Cutter,558,146.0,4.2,21.4,-0.2,-0.04,-1.1,-0.19
665,"Mejia, J. C.",Slider,233,133.2,23.9,8.5,-0.1,-0.04,0.7,0.30
666,"Gray, Sonny",4-Seam Fastball,530,148.7,-4.6,38.9,-0.2,-0.04,0.4,0.08
667,"Armstrong, Shawn",4-Seam Fastball,379,151.1,-9.1,41.3,-0.2,-0.05,2.1,0.56
668,"Minter, A. J.",4-Seam Fastball,429,154.7,-15.9,42.4,-0.2,-0.05,2.1,0.48
669,"Rogers, Trevor",Slider,322,131.7,4.4,9.0,-0.2,-0.06,0.8,0.25
670,"Peralta, Wily",Sinker,480,151.4,-29.1,34.9,-0.3,-0.06,-4.9,-1.02
671,"Machado, Andres",4-Seam Fastball,349,152.7,-10.7,43.4,-0.2,-0.06,0.4,0.13
672,"Gutiérrez, Vladimir",Curveball,328,125.1,38.0,-18.6,-0.2,-0.06,-3.8,-1.17
673,"Shreve, Chasen",Split-Finger,345,133.4,-26.2,9.2,-0.2,-0.06,-3.1,-0.89
674,"Bundy, Dylan",Slider,322,128.6,11.3,-6.5,-0.2,-0.06,-2.9,-0.90
675,"Pagan, Emilio",4-Seam Fastball,672,152.8,-14.9,46.6,-0.4,-0.06,-1.1,-0.16
676,"Darvish, Yu",4-Seam Fastball,610,152.1,-16.0,48.2,-0.4,-0.07,0.8,0.13
677,"Cisnero, Jose",4-Seam Fastball,433,155.6,-26.5,38.2,-0.3,-0.07,2.6,0.61
678,"Means, John",4-Seam Fastball,1117,149.4,-16.9,51.0,-0.8,-0.07,-2.0,-0.18
679,"Diaz, Yennsy",4-Seam Fastball,287,153.5,-20.6,36.8,-0.2,-0.07,0.8,0.27
680,"Zimmer, Kyle",Slider,344,134.2,6.2,4.9,-0.3,-0.08,-0.2,-0.04
681,"Quintana, Jose",4-Seam Fastball,506,147.4,-9.1,42.3,-0.4,-0.08,-3.2,-0.64
682,"Hendricks, Kyle",Sinker,1199,140.6,-34.9,23.4,-1.0,-0.08,-2.8,-0.24
683,"Flexen, Chris",Curveball,430,124.3,20.0,-32.9,-0.4,-0.08,-1.5,-0.34
684,"Marquez, German",4-Seam Fastball,1267,152.7,-15.3,29.3,-1.1,-0.09,4.5,0.35
685,"Alexander, Tyler",Changeup,301,134.7,-33.5,19.4,-0.3,-0.09,-0.7,-0.23
686,"Cease, Dylan",Knuckle Curve,452,128.6,13.4,-46.5,-0.4,-0.09,1.8,0.41
687,"Anderson, Tyler",4-Seam Fastball,948,145.8,-22.6,46.7,-0.9,-0.09,4.2,0.45
688,"Kaprielian, James",4-Seam Fastball,1069,149.7,-21.5,38.8,-1.0,-0.10,-0.9,-0.08
689,"Rodriguez, Eduardo",4-Seam Fastball,1185,149.1,-18.3,37.3,-1.1,-0.10,3.6,0.31
690,"Ryu, Hyun Jin",4-Seam Fastball,966,144.8,-30.5,33.0,-1.0,-0.10,1.7,0.18
691,"Sandoval, Patrick",4-Seam Fastball,351,150.1,-7.0,41.8,-0.4,-0.11,-2.8,-0.79
692,"Robles, Hansel",Changeup,368,143.8,-36.2,20.3,-0.4,-0.11,-1.1,-0.30
693,"Mahle, Tyler",Slider,994,139.6,7.1,17.8,-1.1,-0.11,-3.8,-0.39
694,"Gonzales, Marco",Cutter,327,137.7,-7.3,34.2,-0.4,-0.11,-4.8,-1.46
695,"Castro, Miguel",Sinker,525,157.8,-46.0,17.8,-0.6,-0.11,-1.6,-0.30
696,"Brubaker, JT",4-Seam Fastball,476,149.5,-22.1,40.4,-0.5,-0.11,-0.2,-0.05
697,"Oviedo, Johan",Slider,257,137.9,15.3,4.5,-0.3,-0.12,0.7,0.28
698,"Suarez, Jose",Curveball,391,126.1,25.4,-17.1,-0.5,-0.12,1.4,0.37
699,"Lynch, Daniel",Slider,367,137.0,0.6,3.0,-0.4,-0.12,2.7,0.75
700,"Funkhouser, Kyle",Sinker,479,153.7,-36.5,24.1,-0.6,-0.12,-3.8,-0.79
701,"Yang, Hyeon-jong",4-Seam Fastball,271,144.8,-4.0,44.9,-0.3,-0.12,-1.9,-0.72
702,"Fry, Paul",4-Seam Fastball,475,149.5,-14.7,32.5,-0.6,-0.13,1.5,0.32
703,"Cabrera, Genesis",Sinker,234,157.4,-32.8,37.8,-0.3,-0.13,0.9,0.38
704,"Cole, Gerrit",Changeup,428,144.6,-40.2,25.4,-0.6,-0.13,3.3,0.78
705,"Quantrill, Cal",Changeup,321,136.8,-27.2,23.3,-0.4,-0.14,1.4,0.43
706,"Eflin, Zach",Slider,395,141.1,4.7,23.0,-0.6,-0.14,-2.3,-0.58
707,"Hendricks, Kyle",Curveball,329,117.8,37.9,-29.8,-0.5,-0.14,-3.1,-0.94
708,"Happ, J. A.",4-Seam Fastball,1442,146.5,-20.0,43.1,-2.1,-0.14,-6.6,-0.46
709,"Pineda, Michael",Slider,494,130.8,1.2,2.6,-0.7,-0.15,-1.1,-0.21
710,"Minaya, Juan",4-Seam Fastball,339,153.2,-27.6,35.6,-0.6,-0.16,-0.1,-0.04
711,"McGowin, Kyle",Slider,355,130.6,25.0,-0.2,-0.6,-0.16,2.4,0.67
712,"Wacha, Michael",4-Seam Fastball,732,151.0,-17.4,47.4,-1.2,-0.16,2.7,0.38
713,"Walker, Taijuan",4-Seam Fastball,901,152.2,-24.0,43.9,-1.5,-0.16,1.9,0.21
714,"Familia, Jeurys",Sinker,601,155.3,-41.1,8.6,-1.0,-0.17,-3.9,-0.65
715,"Sandoval, Patrick",Sinker,271,150.1,-30.9,33.4,-0.5,-0.18,-1.0,-0.36
716,"Finnegan, Kyle",Slider,235,140.8,10.4,17.7,-0.4,-0.18,0.9,0.38
717,"Giolito, Lucas",4-Seam Fastball,1339,151.1,-16.8,48.6,-2.4,-0.18,1.0,0.08
718,"Goudeau, Ashton",4-Seam Fastball,256,149.2,-16.5,41.5,-0.5,-0.18,1.2,0.48
719,"Houser, Adrian",4-Seam Fastball,320,151.5,-21.4,39.4,-0.6,-0.19,-2.8,-0.88
720,"Gomber, Austin",4-Seam Fastball,753,147.5,-14.9,45.4,-1.4,-0.19,-6.6,-0.88
721,"Diekman, Jake",4-Seam Fastball,630,153.5,-36.2,34.6,-1.2,-0.19,-1.5,-0.23
722,"Maton, Phil",Curveball,327,122.4,48.2,-24.4,-0.6,-0.20,0.3,0.08
723,"Ryu, Hyun Jin",Cutter,680,138.9,-1.0,21.1,-1.4,-0.20,0.2,0.04
724,"Manning, Matt",Sinker,275,150.8,-25.2,37.8,-0.6,-0.21,-0.4,-0.15
725,"Alvarado, Jose",Sinker,804,160.0,-37.3,32.5,-1.7,-0.21,-5.2,-0.65
726,"Colome, Alex",Cutter,777,144.1,6.2,18.7,-1.6,-0.21,0.8,0.10
727,"Musgrove, Joe",4-Seam Fastball,578,150.3,-13.1,32.3,-1.3,-0.22,-3.3,-0.58
728,"Gutiérrez, Vladimir",Slider,411,134.1,23.8,5.6,-0.9,-0.22,0.4,0.09
729,"Borucki, Ryan",Sinker,215,153.4,-44.4,28.1,-0.5,-0.22,-0.9,-0.41
730,"Pop, Zach",Sinker,627,153.6,-40.7,18.1,-1.4,-0.22,1.3,0.21
731,"Keuchel, Dallas",Changeup,779,128.1,-37.4,13.2,-1.7,-0.22,0.2,0.02
732,"Coulombe, Danny",Slider,222,136.1,8.4,12.4,-0.5,-0.23,1.3,0.57
733,"Reyes, Alex",Sinker,296,155.6,-30.8,38.0,-0.7,-0.23,2.8,0.95
734,"Stammen, Craig",Knuckle Curve,386,129.4,20.5,-28.1,-0.9,-0.23,2.7,0.70
735,"Maeda, Kenta",4-Seam Fastball,460,145.8,-19.8,40.2,-1.1,-0.24,-3.3,-0.72
736,"Gonzales, Marco",Curveball,358,121.0,15.6,-32.7,-0.8,-0.24,0.3,0.07
737,"Cobb, Alex",Split-Finger,583,140.9,-35.2,9.0,-1.4,-0.24,3.5,0.60
738,"Sulser, Cole",4-Seam Fastball,547,150.1,-21.3,46.6,-1.3,-0.24,-0.2,-0.05
739,"Norris, Daniel",4-Seam Fastball,469,149.2,-16.5,41.5,-1.2,-0.25,1.6,0.34
740,"Rogers, Taylor",Sinker,295,154.1,-44.1,18.3,-0.7,-0.25,1.2,0.42
741,"Jax, Griffin",4-Seam Fastball,641,149.1,-30.7,40.8,-1.6,-0.25,-2.1,-0.33
742,"Davis, Austin",4-Seam Fastball,248,150.7,-23.2,36.9,-0.6,-0.25,-0.6,-0.24
743,"Urias, Julio",4-Seam Fastball,1419,151.4,-9.4,44.2,-3.6,-0.26,0.0,0.00
744,"Estevez, Carlos",4-Seam Fastball,663,156.3,-21.6,36.6,-1.7,-0.26,-5.6,-0.84
745,"Anderson, Brett",Sinker,680,143.4,-36.8,24.4,-1.8,-0.27,-4.3,-0.63
746,"Fairbanks, Pete",Slider,334,137.9,6.2,-13.3,-0.9,-0.27,-0.9,-0.28
747,"Johnson, Pierce",4-Seam Fastball,340,153.7,-28.4,41.2,-0.9,-0.27,-3.3,-0.96
748,"Montero, Rafael",Sinker,227,153.2,-39.8,21.3,-0.6,-0.28,0.8,0.34
749,"Watkins, Spenser",Cutter,296,139.6,14.2,19.0,-0.9,-0.29,0.4,0.15
750,"Voth, Austin",4-Seam Fastball,607,151.6,-13.3,43.9,-1.7,-0.29,-0.7,-0.12
751,"Darvish, Yu",Cutter,942,139.4,12.5,4.9,-2.7,-0.29,-6.4,-0.68
752,"Civale, Aaron",Split-Finger,264,137.7,-24.9,15.3,-0.8,-0.29,-1.9,-0.74
753,"Almonte, Yency",4-Seam Fastball,395,151.6,-18.0,28.6,-1.2,-0.29,-0.5,-0.13
754,"Pérez, Cionel",4-Seam Fastball,292,154.5,-11.2,38.8,-0.9,-0.30,-0.6,-0.19
755,"Urena, Jose",Slider,389,137.3,5.3,15.2,-1.2,-0.30,0.9,0.24
756,"Wacha, Michael",Changeup,603,139.9,-35.2,24.5,-1.8,-0.30,1.0,0.17
757,"Holloway, Jordan",4-Seam Fastball,222,153.6,-6.7,44.0,-0.7,-0.30,0.2,0.10
758,"Walker, Taijuan",Slider,545,138.7,11.6,14.7,-1.7,-0.30,4.3,0.79
759,"Banda, Anthony",4-Seam Fastball,292,151.5,-28.6,39.9,-0.9,-0.31,-1.9,-0.67
760,"Doolittle, Sean",4-Seam Fastball,702,149.9,-9.2,50.9,-2.1,-0.31,-2.3,-0.33
761,"Lauer, Eric",4-Seam Fastball,886,149.1,-26.2,43.4,-2.8,-0.31,0.2,0.02
762,"Fulmer, Michael",Sinker,334,154.1,-34.2,33.2,-1.0,-0.31,-2.0,-0.59
763,"King, John",Sinker,401,148.4,-39.7,4.4,-1.3,-0.32,-1.0,-0.26
764,"Wick, Rowan",4-Seam Fastball,249,152.2,-5.0,43.5,-0.8,-0.32,2.5,1.00
765,"Gibson, Kyle",Changeup,384,136.5,-36.8,10.5,-1.2,-0.32,2.7,0.70
766,"Chacin, Jhoulys",Sinker,338,149.5,-32.5,24.7,-1.1,-0.32,-1.3,-0.37
767,"Enns, Dietrich",4-Seam Fastball,211,151.6,-13.7,44.4,-0.7,-0.32,1.1,0.52
768,"Carrasco, Carlos",4-Seam Fastball,351,150.4,-17.9,37.9,-1.2,-0.33,-2.8,-0.81
769,"Lauer, Eric",Changeup,224,139.5,-36.0,20.3,-0.8,-0.34,1.1,0.49
770,"Gallen, Zac",Knuckle Curve,262,128.4,21.0,-29.8,-0.9,-0.34,-1.0,-0.39
771,"Crowe, Wil",Sinker,257,149.5,-29.6,32.1,-0.9,-0.35,-0.8,-0.32
772,"Wells, Tyler",Slider,241,142.6,11.5,18.5,-0.8,-0.35,2.6,1.08
773,"Keller, Mitch",4-Seam Fastball,1054,151.0,-16.8,39.9,-3.7,-0.35,-8.0,-0.76
774,"Smyly, Drew",Cutter,275,141.1,-9.0,28.3,-1.0,-0.35,-1.0,-0.36
775,"Barria, Jaime",Slider,338,138.2,5.6,15.9,-1.2,-0.35,-1.6,-0.47
776,"Garcia, Luis",Changeup,298,134.6,-40.9,25.0,-1.1,-0.35,-1.7,-0.56
777,"Hill, Rich",4-Seam Fastball,1177,141.9,-23.4,49.1,-4.2,-0.36,0.6,0.05
778,"White, Mitch",Curveball,214,132.0,12.2,-35.2,-0.8,-0.36,-1.4,-0.64
779,"Coonrod, Sam",Sinker,383,157.4,-40.7,27.0,-1.4,-0.36,-0.8,-0.22
780,"Singer, Brady",Slider,873,137.5,9.7,1.9,-3.1,-0.36,-0.6,-0.07
781,"Harvey, Matt",Sinker,463,149.6,-41.2,32.3,-1.7,-0.36,-0.4,-0.08
782,"Gibson, Kyle",4-Seam Fastball,366,149.4,-14.2,41.5,-1.3,-0.37,-0.6,-0.17
783,"Alexander, Tyler",Sinker,338,145.3,-36.9,33.5,-1.2,-0.37,-5.2,-1.54
784,"Misiewicz, Anthony",Curveball,281,129.9,28.1,-20.9,-1.0,-0.37,-1.6,-0.55
785,"Givens, Mychal",4-Seam Fastball,408,152.5,-22.3,31.4,-1.5,-0.37,-3.0,-0.73
786,"Darvish, Yu",Sinker,229,151.3,-34.4,33.1,-0.9,-0.37,1.7,0.76
787,"Martinez, Carlos",Cutter,273,145.8,-3.5,23.3,-1.0,-0.38,-1.3,-0.48
788,"Peacock, Matt",Sinker,904,150.3,-41.8,14.8,-3.5,-0.38,-4.6,-0.51
789,"Thornton, Trent",4-Seam Fastball,353,151.1,-8.3,43.2,-1.4,-0.39,-3.7,-1.04
790,"Evans, Demarcus",4-Seam Fastball,315,146.4,-4.8,56.6,-1.2,-0.39,-0.2,-0.07
791,"Cousins, Jake",Sinker,202,153.7,-38.9,27.1,-0.8,-0.39,-1.5,-0.73
792,"Widener, Taylor",Slider,212,135.1,11.1,-1.9,-0.8,-0.39,-3.1,-1.44
793,"Burnes, Corbin",Changeup,258,146.0,-35.1,18.9,-1.0,-0.39,1.0,0.38
794,"Price, David",Sinker,410,149.5,-37.5,25.5,-1.6,-0.39,-3.3,-0.81
795,"Brubaker, JT",Sinker,478,150.3,-39.9,27.6,-1.9,-0.40,-1.6,-0.34
796,"Howard, Spencer",4-Seam Fastball,570,151.6,-19.1,43.6,-2.3,-0.40,1.9,0.33
797,"Stephan, Trevor",Slider,389,134.9,26.3,3.9,-1.5,-0.40,-0.6,-0.16
798,"Richards, Garrett",4-Seam Fastball,1237,151.8,3.2,22.0,-4.9,-0.40,-11.1,-0.89
799,"Toussaint, Touki",Sinker,396,149.2,-35.7,17.9,-1.6,-0.40,-1.3,-0.32
800,"Martinez, Carlos",4-Seam Fastball,352,150.4,-22.4,30.9,-1.4,-0.40,-3.8,-1.08
801,"Burr, Ryan",4-Seam Fastball,298,152.4,-3.6,39.6,-1.2,-0.40,0.2,0.07
802,"Davis, Wade",4-Seam Fastball,310,149.2,-7.8,44.8,-1.3,-0.41,-0.4,-0.14
803,"Kaprielian, James",Changeup,316,134.8,-24.4,6.3,-1.3,-0.41,-1.8,-0.58
804,"Gonsolin, Tony",Slider,281,140.0,11.8,9.1,-1.2,-0.41,2.0,0.70
805,"Neris, Hector",Sinker,235,152.7,-42.0,26.7,-1.0,-0.42,1.1,0.45
806,"Oviedo, Johan",4-Seam Fastball,579,152.8,-15.5,29.0,-2.4,-0.42,0.6,0.10
807,"Rodriguez, Eduardo",Changeup,656,137.5,-42.5,16.5,-2.8,-0.42,-0.1,-0.02
808,"Ryu, Hyun Jin",Curveball,338,119.0,29.8,-34.4,-1.4,-0.43,0.5,0.14
809,"Espino, Paolo",4-Seam Fastball,958,143.2,-8.9,48.8,-4.1,-0.43,-1.7,-0.18
810,"Gonzalez, Victor",Slider,247,137.2,5.7,1.4,-1.1,-0.43,-0.8,-0.32
811,"Anderson, Ian",Curveball,513,129.9,2.4,-15.7,-2.2,-0.44,-5.5,-1.08
812,"Thompson, Zach",Curveball,202,124.3,9.6,-24.8,-0.9,-0.45,0.3,0.13
813,"Fleming, Josh",Sinker,768,146.8,-46.3,9.5,-3.5,-0.45,3.7,0.48
814,"Brentz, Jake",Slider,308,137.1,8.3,-6.9,-1.4,-0.45,-2.1,-0.69
815,"Smith, Caleb",4-Seam Fastball,995,147.1,-29.2,45.8,-4.5,-0.45,-2.3,-0.23
816,"Fedde, Erick",Curveball,564,128.4,36.3,-3.2,-2.6,-0.46,2.8,0.49
817,"Underwood, Duane",4-Seam Fastball,427,151.5,-21.4,39.3,-2.0,-0.46,2.1,0.50
818,"Castillo, Luis",4-Seam Fastball,901,156.4,-28.8,32.4,-4.2,-0.46,-4.5,-0.50
819,"Barria, Jaime",4-Seam Fastball,321,150.0,-11.3,42.0,-1.5,-0.47,-3.3,-1.03
820,"Brubaker, JT",Slider,665,140.3,3.3,7.3,-3.1,-0.47,0.6,0.10
821,"Garrett, Amir",Slider,423,137.1,3.2,7.6,-2.0,-0.48,1.5,0.36
822,"Scherzer, Max",Curveball,301,123.8,34.0,-20.2,-1.4,-0.48,-1.8,-0.59
823,"Smith, Caleb",Slider,612,136.5,10.7,16.5,-3.0,-0.48,2.2,0.35
824,"Fried, Max",Sinker,328,150.5,-26.9,26.5,-1.6,-0.49,0.8,0.26
825,"Smith, Riley",Sinker,614,149.5,-35.8,25.1,-3.0,-0.49,-6.6,-1.08
826,"McKenzie, Triston",4-Seam Fastball,1216,148.3,-8.6,50.2,-6.0,-0.50,1.7,0.14
827,"Dunn, Justin",4-Seam Fastball,450,150.9,-24.3,47.5,-2.2,-0.50,-1.0,-0.22
828,"Wilson, Bryse",Changeup,226,139.8,-33.7,14.3,-1.1,-0.50,-1.1,-0.48
829,"Stripling, Ross",4-Seam Fastball,859,147.9,-11.1,46.5,-4.4,-0.51,-5.5,-0.64
830,"Hand, Brad",4-Seam Fastball,434,149.6,-30.2,38.7,-2.2,-0.51,-1.7,-0.40
831,"Bauer, Trevor",Cutter,386,137.4,13.0,1.3,-2.0,-0.52,-3.2,-0.83
832,"Manning, Matt",4-Seam Fastball,589,150.6,-7.2,42.7,-3.1,-0.52,0.4,0.07
833,"Walker, Taijuan",Split-Finger,361,144.0,-34.8,17.1,-1.9,-0.52,-2.2,-0.62
834,"Wilson, Bryse",4-Seam Fastball,496,149.8,-16.2,36.6,-2.6,-0.53,-3.1,-0.63
835,"Hoffman, Jeff",4-Seam Fastball,762,151.8,-26.4,46.5,-4.1,-0.53,-6.5,-0.85
836,"Abreu, Albert",Sinker,212,157.7,-38.9,33.7,-1.1,-0.54,1.2,0.55
837,"Foltynewicz, Mike",4-Seam Fastball,657,151.0,-26.6,38.9,-3.6,-0.55,-5.7,-0.87
838,"Gallen, Zac",Changeup,350,138.6,-32.2,9.0,-1.9,-0.55,-1.8,-0.53
839,"Finnegan, Kyle",Sinker,827,153.9,-29.5,39.2,-4.6,-0.55,-3.5,-0.43
840,"Holland, Derek",Knuckle Curve,282,131.0,-0.4,10.0,-1.6,-0.56,-4.9,-1.75
841,"Berrios, Jose",4-Seam Fastball,811,151.5,-25.2,36.8,-4.6,-0.57,-1.4,-0.17
842,"White, Mitch",4-Seam Fastball,396,152.0,-7.5,42.8,-2.3,-0.57,5.0,1.26
843,"Hembree, Heath",4-Seam Fastball,570,153.4,-24.1,45.0,-3.3,-0.57,-2.3,-0.41
844,"Eovaldi, Nathan",Split-Finger,429,141.7,-28.8,4.4,-2.5,-0.58,1.9,0.44
845,"Fedde, Erick",Sinker,998,151.1,-25.7,25.7,-5.8,-0.58,-9.2,-0.92
846,"Ottavino, Adam",Sinker,336,152.3,-38.5,17.8,-2.0,-0.59,-2.6,-0.77
847,"Singer, Brady",Sinker,1288,150.9,-33.8,34.1,-7.6,-0.59,-9.8,-0.76
848,"Bedrosian, Cam",4-Seam Fastball,235,149.6,-10.2,47.6,-1.4,-0.59,-4.0,-1.71
849,"Robles, Hansel",4-Seam Fastball,701,155.8,-30.9,41.6,-4.2,-0.59,-1.8,-0.26
850,"Castro, Anthony",4-Seam Fastball,234,153.3,-8.1,31.8,-1.4,-0.60,-0.2,-0.10
851,"Wilson, Bryse",Sinker,226,149.2,-38.0,24.1,-1.4,-0.60,-0.1,-0.05
852,"McCullers, Lance",Changeup,406,138.1,-43.6,-0.7,-2.5,-0.60,-1.3,-0.32
853,"Marquez, German",Sinker,207,151.3,-31.9,23.6,-1.3,-0.61,0.6,0.27
854,"Diaz, Edwin",4-Seam Fastball,621,159.0,-37.6,29.3,-3.8,-0.61,-0.6,-0.10
855,"German, Domingo",Sinker,234,150.8,-43.6,19.6,-1.4,-0.62,-4.2,-1.80
856,"Suarez, Jose",4-Seam Fastball,656,149.5,-22.7,37.0,-4.0,-0.62,-7.0,-1.06
857,"Rodriguez, Eduardo",Sinker,337,149.1,-37.5,25.2,-2.1,-0.62,1.7,0.50
858,"Lopez, Jorge",4-Seam Fastball,456,153.4,-24.1,38.4,-2.8,-0.62,-5.7,-1.25
859,"Keller, Brad",Sinker,686,150.8,-27.6,24.1,-4.3,-0.62,-8.2,-1.20
860,"Irvin, Cole",Slider,399,133.6,6.4,4.3,-2.5,-0.63,-0.4,-0.10
861,"Heuer, Codi",4-Seam Fastball,589,154.3,-36.6,33.9,-3.7,-0.63,-7.2,-1.23
862,"Montas, Frankie",Slider,587,143.2,12.9,13.2,-3.7,-0.63,-4.1,-0.70
863,"Alcantara, Sandy",4-Seam Fastball,668,157.9,-26.9,35.0,-4.2,-0.63,-1.3,-0.19
864,"Garcia, Jarlin",Slider,257,132.8,15.4,0.5,-1.6,-0.63,-0.6,-0.23
865,"Manaea, Sean",Curveball,465,132.9,12.4,6.8,-3.0,-0.64,-1.9,-0.40
866,"Kremer, Dean",4-Seam Fastball,549,149.1,-23.8,44.9,-3.5,-0.64,-5.7,-1.03
867,"Williams, Devin",4-Seam Fastball,333,153.5,-32.8,38.2,-2.1,-0.64,-3.1,-0.94
868,"Peralta, Freddy",Changeup,234,141.8,-37.1,10.6,-1.5,-0.64,-1.7,-0.74
869,"Anderson, Tyler",Changeup,641,130.3,-32.9,34.6,-4.1,-0.64,-2.7,-0.42
870,"Zimmermann, Bruce",Changeup,285,136.0,-41.7,26.1,-1.8,-0.64,0.6,0.20
871,"Bard, Daniel",4-Seam Fastball,424,156.9,-24.1,25.1,-2.7,-0.64,-8.7,-2.05
872,"Howard, Sam",4-Seam Fastball,366,150.4,-25.0,45.4,-2.4,-0.65,-3.4,-0.92
873,"Burnes, Corbin",Sinker,241,155.9,-30.1,30.6,-1.6,-0.65,0.4,0.15
874,"Shoemaker, Matt",4-Seam Fastball,260,147.5,-22.5,42.3,-1.7,-0.65,-3.4,-1.30
875,"Keller, Kyle",Curveball,290,131.0,18.0,-14.5,-1.9,-0.65,-3.5,-1.22
876,"Senzatela, Antonio",Slider,766,138.6,12.7,6.3,-5.0,-0.66,-6.0,-0.78
877,"Familia, Jeurys",Slider,236,143.7,-1.7,10.9,-1.6,-0.66,-2.8,-1.18
878,"Corbin, Patrick",Sinker,784,149.1,-35.6,32.1,-5.2,-0.66,-3.2,-0.41
879,"Springs, Jeffrey",Slider,227,133.5,9.8,-7.0,-1.5,-0.67,-2.1,-0.92
880,"Pineda, Michael",Changeup,288,137.7,-40.9,20.7,-1.9,-0.67,-4.4,-1.52
881,"Quantrill, Cal",4-Seam Fastball,339,151.9,-20.9,39.7,-2.3,-0.68,-4.8,-1.40
882,"Bummer, Aaron",Sinker,619,153.5,-39.4,2.0,-4.2,-0.68,1.8,0.29
883,"Castillo, Diego",Sinker,276,152.3,-46.2,11.4,-1.9,-0.68,-3.9,-1.42
884,"Shoemaker, Matt",Split-Finger,354,137.2,-28.8,11.5,-2.4,-0.69,0.1,0.03
885,"Chapman, Aroldis",4-Seam Fastball,569,158.2,-10.4,45.9,-3.9,-0.69,-7.4,-1.30
886,"Crochet, Garrett",4-Seam Fastball,622,155.6,-11.7,45.1,-4.3,-0.69,-2.2,-0.35
887,"Mills, Alec",Slider,244,123.4,42.2,-9.1,-1.7,-0.70,0.5,0.22
888,"Heaney, Andrew",Curveball,509,127.8,17.8,-8.1,-3.6,-0.70,-0.1,-0.02
889,"Holland, Greg",4-Seam Fastball,402,149.4,-0.4,44.5,-2.8,-0.70,-2.9,-0.71
890,"Maeda, Kenta",Split-Finger,505,135.6,-31.6,3.5,-3.5,-0.70,0.7,0.14
891,"Britton, Zack",Sinker,274,149.0,-36.1,10.8,-1.9,-0.71,-2.7,-0.97
892,"Mayers, Mike",4-Seam Fastball,468,152.2,-28.9,41.9,-3.3,-0.71,-0.2,-0.05
893,"Foltynewicz, Mike",Slider,529,133.9,13.4,5.2,-3.8,-0.71,-2.8,-0.53
894,"Freeland, Kyle",Slider,429,138.4,6.4,12.0,-3.1,-0.71,-4.1,-0.96
895,"Pivetta, Nick",Slider,630,138.4,14.0,4.3,-4.5,-0.72,-0.3,-0.04
896,"Gomber, Austin",Knuckle Curve,289,121.8,14.0,-41.9,-2.1,-0.72,1.4,0.49
897,"Boyd, Matt",Slider,285,129.4,8.4,-4.4,-2.1,-0.72,-2.6,-0.90
898,"Bass, Anthony",Sinker,402,153.5,-33.9,36.3,-2.9,-0.72,-2.3,-0.58
899,"Stephenson, Robert",4-Seam Fastball,379,155.3,-30.9,38.9,-2.8,-0.73,-3.6,-0.95
900,"Scott, Tanner",4-Seam Fastball,469,155.8,-11.3,39.6,-3.4,-0.73,-1.8,-0.39
901,"Garza, Justin",Sinker,250,152.7,-19.6,41.6,-1.8,-0.73,-0.1,-0.04
902,"Brach, Brad",Changeup,208,138.7,-39.7,1.3,-1.5,-0.73,-1.0,-0.47
903,"Bundy, Dylan",4-Seam Fastball,522,146.0,-13.3,49.5,-3.8,-0.74,-1.5,-0.29
904,"Kelly, Merrill",Sinker,447,147.5,-38.8,22.4,-3.3,-0.74,0.4,0.08
905,"Paddack, Chris",4-Seam Fastball,1149,152.7,-24.2,44.4,-8.5,-0.74,-2.4,-0.21
906,"Chatwood, Tyler",Sinker,272,153.7,-36.5,28.4,-2.0,-0.74,0.5,0.17
907,"Hendrix, Ryan",Slider,297,138.3,-0.7,-5.1,-2.2,-0.74,0.9,0.31
908,"Hernandez, Carlos",Curveball,267,131.6,15.0,-24.5,-2.0,-0.74,-1.6,-0.61
909,"Morton, Charlie",Sinker,448,152.5,-44.2,14.9,-3.4,-0.75,-2.6,-0.58
910,"Montgomery, Jordan",Sinker,564,148.8,-39.4,31.3,-4.2,-0.75,-4.4,-0.79
911,"Nola, Aaron",Sinker,414,148.1,-44.5,22.3,-3.1,-0.76,1.9,0.46
912,"Webb, Logan",4-Seam Fastball,223,150.0,-21.5,28.0,-1.7,-0.76,-0.4,-0.16
913,"Pagan, Emilio",Cutter,414,139.2,7.1,8.1,-3.2,-0.77,-0.3,-0.08
914,"Brogdon, Connor",4-Seam Fastball,414,154.6,-26.3,42.3,-3.2,-0.77,-3.4,-0.82
915,"Anderson, Tyler",Sinker,294,143.3,-45.7,19.0,-2.3,-0.77,-2.1,-0.70
916,"Alzolay, Adbert",Sinker,528,151.0,-38.2,30.7,-4.1,-0.77,-5.3,-1.00
917,"Moore, Matt",4-Seam Fastball,713,148.8,-32.5,39.0,-5.6,-0.78,-6.3,-0.88
918,"Kershaw, Clayton",4-Seam Fastball,662,145.9,1.3,49.2,-5.2,-0.79,-0.3,-0.04
919,"Martin, Chris",4-Seam Fastball,279,152.7,-19.3,36.5,-2.2,-0.79,0.5,0.19
920,"Mayza, Tim",Slider,242,141.7,0.5,9.7,-1.9,-0.80,-0.6,-0.27
921,"Keuchel, Dallas",Sinker,1032,141.3,-37.2,13.3,-8.2,-0.80,-8.6,-0.83
922,"Diplan, Marcos",4-Seam Fastball,319,150.8,-2.1,43.9,-2.6,-0.80,-0.8,-0.26
923,"Sale, Chris",4-Seam Fastball,446,151.2,-33.4,30.9,-3.6,-0.80,-1.0,-0.23
924,"Mize, Casey",Sinker,540,150.1,-41.6,23.5,-4.4,-0.81,-8.2,-1.51
925,"Lester, Jon",Curveball,201,116.9,26.0,-14.6,-1.6,-0.81,-2.7,-1.35
926,"Snell, Blake",Curveball,311,128.0,28.2,-30.6,-2.5,-0.81,-2.4,-0.78
927,"Skubal, Tarik",4-Seam Fastball,1091,151.9,-21.0,41.0,-8.9,-0.81,-13.8,-1.26
928,"Ginkel, Kevin",4-Seam Fastball,330,152.4,-26.9,40.2,-2.7,-0.82,-3.4,-1.02
929,"Smyly, Drew",4-Seam Fastball,1013,148.2,-17.3,46.0,-8.3,-0.82,-9.0,-0.89
930,"Flexen, Chris",Cutter,826,143.4,12.6,18.8,-6.8,-0.82,-2.8,-0.34
931,"Hendricks, Kyle",Changeup,780,128.8,-33.4,27.0,-6.4,-0.82,-5.8,-0.75
932,"Guerra, Deolis",4-Seam Fastball,400,146.0,-30.6,43.9,-3.3,-0.82,1.4,0.35
933,"Hendricks, Kyle",4-Seam Fastball,501,140.5,-17.5,39.2,-4.1,-0.82,-5.1,-1.02
934,"Dolis, Rafael",Sinker,393,152.6,-36.6,36.5,-3.2,-0.83,-1.9,-0.49
935,"Rainey, Tanner",Slider,235,141.2,9.0,2.1,-1.9,-0.83,-0.4,-0.15
936,"Peacock, Matt",Slider,324,140.5,-1.6,3.4,-2.7,-0.83,-3.5,-1.09
937,"Valdez, Framber",Changeup,273,141.1,-33.1,3.5,-2.3,-0.84,-3.6,-1.31
938,"Gray, Jon",Changeup,203,141.0,-29.6,19.0,-1.7,-0.84,-2.8,-1.39
939,"Fedde, Erick",Cutter,554,144.0,8.0,16.5,-4.7,-0.84,2.1,0.39
940,"Keller, Mitch",Slider,446,138.6,8.1,1.3,-3.8,-0.84,-1.9,-0.44
941,"Ruiz, Jose",Curveball,375,137.6,6.6,-14.2,-3.2,-0.85,0.4,0.12
942,"Velasquez, Vince",4-Seam Fastball,874,150.0,-9.3,46.5,-7.5,-0.86,-5.4,-0.62
943,"Alzolay, Adbert",4-Seam Fastball,361,151.3,-19.7,42.8,-3.1,-0.87,-3.3,-0.93
944,"Megill, Tylor",Changeup,325,137.6,-33.6,21.9,-2.9,-0.88,-0.9,-0.29
945,"Nolin, Sean",4-Seam Fastball,228,146.0,-21.1,41.8,-2.0,-0.88,-5.0,-2.20
946,"Bundy, Dylan",Curveball,208,119.1,23.3,-34.3,-1.8,-0.89,0.3,0.14
947,"Paddack, Chris",Changeup,490,137.3,-35.0,19.2,-4.4,-0.89,0.8,0.16
948,"Raley, Brooks",Cutter,314,141.1,10.5,17.2,-2.8,-0.90,1.0,0.30
949,"Peralta, Wily",Slider,349,133.1,3.3,1.9,-3.1,-0.90,-5.2,-1.49
950,"Plutko, Adam",4-Seam Fastball,506,147.4,-11.1,48.0,-4.6,-0.90,-3.8,-0.76
951,"Freeland, Kyle",Changeup,324,138.1,-27.7,18.6,-2.9,-0.91,-6.5,-2.01
952,"Richards, Garrett",Slider,640,141.8,7.8,-5.5,-5.8,-0.91,-6.0,-0.94
953,"Morton, Charlie",Cutter,265,140.8,6.3,9.5,-2.4,-0.92,1.7,0.66
954,"Perez, Martin",Changeup,458,136.6,-37.4,24.2,-4.2,-0.93,-4.8,-1.05
955,"Lopez, Reynaldo",Slider,328,139.6,14.2,10.2,-3.1,-0.93,-2.0,-0.60
956,"Urena, Jose",Sinker,804,151.1,-40.3,18.3,-7.5,-0.93,-8.0,-1.00
957,"Minor, Mike",Slider,573,137.8,13.4,4.7,-5.4,-0.94,-2.0,-0.35
958,"LeBlanc, Wade",Cutter,222,136.9,0.2,26.3,-2.1,-0.94,-3.5,-1.58
959,"Wantz, Andrew",4-Seam Fastball,220,150.1,-11.1,42.8,-2.1,-0.94,-1.0,-0.45
960,"Garcia, Luis",Curveball,247,122.3,15.4,-29.7,-2.3,-0.94,0.1,0.04
961,"Davis, Wade",Cutter,246,142.6,12.7,16.3,-2.3,-0.94,0.4,0.17
962,"Zimmer, Kyle",4-Seam Fastball,471,151.5,0.9,38.8,-4.4,-0.94,-1.3,-0.27
963,"Civale, Aaron",Slider,232,134.3,22.2,-4.7,-2.2,-0.96,-1.3,-0.56
964,"Fry, Paul",Slider,392,137.0,33.2,-9.1,-3.8,-0.96,0.5,0.14
965,"Cishek, Steve",Slider,484,124.7,41.7,-10.0,-4.7,-0.97,-4.6,-0.94
966,"Richards, Garrett",Curveball,284,126.0,28.0,-48.9,-2.8,-0.97,-3.9,-1.37
967,"Kikuchi, Yusei",Slider,484,132.8,6.7,-7.4,-4.7,-0.98,-3.8,-0.79
968,"Kinley, Tyler",4-Seam Fastball,495,154.4,-10.0,42.0,-4.8,-0.98,-3.1,-0.62
969,"Dunning, Dane",Slider,411,128.3,11.8,-12.9,-4.0,-0.98,-4.7,-1.13
970,"Weathers, Ryan",Sinker,304,150.8,-37.3,35.3,-3.0,-0.99,0.1,0.02
971,"Gray, Sonny",Slider,347,132.0,44.0,-14.6,-3.4,-0.99,-1.2,-0.33
972,"Fleming, Josh",Changeup,360,131.7,-34.4,0.5,-3.6,-0.99,-1.2,-0.32
973,"Kelly, Merrill",4-Seam Fastball,783,147.7,-18.2,39.9,-7.8,-1.00,-6.8,-0.86
974,"Ponce de Leon, Daniel",4-Seam Fastball,481,149.7,-22.1,46.8,-4.8,-1.01,-6.5,-1.35
975,"Nola, Aaron",Changeup,589,137.1,-38.2,5.6,-5.9,-1.01,-1.9,-0.32
976,"Irvin, Cole",Sinker,511,145.7,-36.3,31.8,-5.2,-1.01,-5.9,-1.16
977,"Lyles, Jordan",4-Seam Fastball,1170,149.8,-17.8,45.9,-11.8,-1.01,-12.9,-1.10
978,"Lynch, Daniel",4-Seam Fastball,512,151.0,-18.6,38.6,-5.2,-1.01,-8.2,-1.60
979,"Hearn, Taylor",Slider,345,135.8,13.0,11.5,-3.5,-1.02,-3.9,-1.13
980,"Gant, John",Changeup,444,129.0,-32.5,16.7,-4.5,-1.02,-4.5,-1.02
981,"Long, Sammy",Curveball,250,120.5,-0.5,-35.5,-2.5,-1.02,-2.2,-0.88
982,"Rodriguez, Eduardo",Cutter,522,142.4,4.8,22.0,-5.3,-1.02,-5.1,-0.97
983,"Perez, Martin",4-Seam Fastball,249,150.5,-28.1,39.8,-2.6,-1.03,-2.7,-1.07
984,"Lopez, Jorge",Sinker,777,153.4,-40.9,26.5,-8.0,-1.03,-5.5,-0.71
985,"Chacin, Jhoulys",Curveball,379,130.8,31.3,2.9,-3.9,-1.04,-2.8,-0.73
986,"Stripling, Ross",Knuckle Curve,259,125.6,16.3,-31.0,-2.7,-1.04,-2.8,-1.09
987,"Soto, Gregory",Sinker,623,158.1,-40.4,28.6,-6.6,-1.05,-4.0,-0.64
988,"Andriese, Matt",4-Seam Fastball,375,148.1,-17.6,44.3,-4.0,-1.06,-3.8,-1.03
989,"Colome, Alex",4-Seam Fastball,325,150.9,-6.0,46.0,-3.4,-1.06,-4.6,-1.42
990,"Scott, Tanner",Slider,532,142.4,14.4,-4.2,-5.7,-1.06,0.7,0.14
991,"Payamps, Joel",Slider,244,131.4,23.8,-2.9,-2.6,-1.07,-3.5,-1.44
992,"Garrett, Braxton",4-Seam Fastball,203,145.4,-12.0,46.1,-2.2,-1.07,-1.6,-0.78
993,"Foltynewicz, Mike",Sinker,486,149.9,-41.3,27.9,-5.2,-1.08,-1.4,-0.28
994,"Feyereisen, J. P.",Slider,295,138.9,14.2,3.5,-3.2,-1.09,-3.3,-1.13
995,"Kim, Kwang Hyun",Changeup,210,129.5,-28.6,32.8,-2.3,-1.09,-0.6,-0.31
996,"Crowe, Wil",Slider,537,137.3,16.6,-0.5,-5.9,-1.09,-1.2,-0.23
997,"Lester, Jon",Cutter,609,139.1,4.5,26.9,-6.7,-1.10,-7.2,-1.19
998,"Underwood, Duane",Curveball,293,129.8,21.6,-28.2,-3.3,-1.12,-2.1,-0.71
999,"Taylor, Josh",4-Seam Fastball,306,152.2,-9.5,40.7,-3.4,-1.12,-3.4,-1.10
1000,"Odorizzi, Jake",Split-Finger,428,136.4,-28.6,13.9,-4.8,-1.12,-7.2,-1.67
1001,"Allard, Kolby",Cutter,509,139.0,6.1,15.2,-5.8,-1.13,-2.3,-0.45
1002,"Lopez, Jorge",Knuckle Curve,513,131.9,20.0,-28.1,-5.8,-1.14,-4.9,-0.96
1003,"Kay, Anthony",4-Seam Fastball,379,152.2,-14.8,38.8,-4.3,-1.14,-3.7,-0.97
1004,"Rodriguez, Joely",Sinker,312,151.4,-45.7,14.6,-3.6,-1.14,-1.9,-0.62
1005,"Mayers, Mike",Cutter,374,146.8,-3.2,30.0,-4.3,-1.15,-5.1,-1.35
1006,"Ponce, Cody",4-Seam Fastball,297,150.0,-21.2,39.2,-3.4,-1.15,-1.9,-0.65
1007,"Gutiérrez, Vladimir",4-Seam Fastball,865,150.1,-26.1,37.7,-10.0,-1.16,-11.3,-1.31
1008,"Valdez, Phillips",Changeup,336,137.3,-43.7,1.8,-3.9,-1.16,-0.4,-0.12
1009,"Lamet, Dinelson",4-Seam Fastball,362,153.8,-13.3,41.6,-4.2,-1.16,-6.5,-1.80
1010,"Clay, Sam",Sinker,528,148.7,-39.8,17.1,-6.1,-1.16,-3.7,-0.71
1011,"Miller, Andrew",Slider,401,125.7,33.7,1.4,-4.7,-1.16,-2.2,-0.54
1012,"Yarbrough, Ryan",Cutter,998,131.8,5.4,16.3,-11.7,-1.18,-7.7,-0.77
1013,"Cueto, Johnny",Sinker,288,147.5,-42.8,24.4,-3.4,-1.18,-2.0,-0.69
1014,"Hentges, Sam",Slider,301,138.7,8.5,7.2,-3.5,-1.18,-1.0,-0.32
1015,"Suero, Wander",Cutter,573,148.2,4.1,34.7,-6.8,-1.18,-2.8,-0.49
1016,"Misiewicz, Anthony",Cutter,297,142.8,1.4,19.2,-3.5,-1.18,-1.7,-0.57
1017,"Lowther, Zac",4-Seam Fastball,309,146.1,-30.8,40.4,-3.7,-1.19,-4.9,-1.58
1018,"Neris, Hector",4-Seam Fastball,459,151.6,-24.2,40.6,-5.5,-1.20,-0.6,-0.14
1019,"Bubic, Kris",Changeup,679,128.8,-32.1,19.3,-8.2,-1.20,-5.2,-0.77
1020,"Cueto, Johnny",Slider,435,135.8,3.4,15.8,-5.2,-1.21,-6.6,-1.52
1021,"Minor, Mike",Knuckle Curve,411,129.5,17.7,-31.0,-5.0,-1.21,-4.4,-1.08
1022,"Blackburn, Paul",Sinker,287,146.6,-31.7,27.8,-3.5,-1.21,-5.6,-1.95
1023,"Urena, Jose",4-Seam Fastball,278,151.7,-22.9,35.5,-3.4,-1.22,-3.8,-1.38
1024,"Arrieta, Jake",Slider,415,142.2,8.7,17.2,-5.1,-1.22,-5.2,-1.25
1025,"Cisnero, Jose",Slider,297,142.3,10.8,12.4,-3.6,-1.23,-2.9,-0.96
1026,"Crichton, Stefan",Sinker,272,146.4,-42.7,20.1,-3.4,-1.24,-5.2,-1.93
1027,"Poppen, Sean",Sinker,214,151.8,-35.8,19.3,-2.7,-1.24,-0.9,-0.44
1028,"Martinez, Carlos",Slider,292,132.8,28.7,3.4,-3.6,-1.24,1.5,0.51
1029,"Middleton, Keynan",4-Seam Fastball,306,153.6,-19.2,44.7,-3.8,-1.25,-2.6,-0.85
1030,"Brach, Brad",4-Seam Fastball,274,150.6,-22.6,36.8,-3.4,-1.25,-2.2,-0.82
1031,"Peralta, Wily",4-Seam Fastball,373,150.8,-17.5,39.9,-4.6,-1.25,-5.1,-1.36
1032,"Wood, Alex",Changeup,486,137.3,-36.7,3.4,-6.1,-1.25,-7.7,-1.58
1033,"Brothers, Rex",4-Seam Fastball,654,152.1,-21.8,43.0,-8.2,-1.25,-6.4,-0.97
1034,"Soria, Joakim",4-Seam Fastball,359,149.4,-12.6,45.0,-4.6,-1.27,-1.4,-0.38
1035,"Weathers, Ryan",4-Seam Fastball,696,151.3,-29.4,35.8,-8.9,-1.28,-9.4,-1.35
1036,"Matz, Steven",Curveball,425,125.0,33.7,-23.2,-5.5,-1.28,-1.9,-0.44
1037,"Castillo, Luis",Sinker,753,156.6,-44.7,11.2,-9.7,-1.28,-9.9,-1.32
1038,"Guerra, Junior",Sinker,471,149.8,-35.5,35.5,-6.1,-1.29,-3.6,-0.77
1039,"Barnes, Matt",4-Seam Fastball,474,154.2,-27.9,44.3,-6.1,-1.29,-1.4,-0.29
1040,"Gray, Josiah",4-Seam Fastball,626,152.2,-24.1,45.2,-8.1,-1.29,-8.6,-1.37
1041,"Allard, Kolby",Changeup,346,134.6,-35.7,25.4,-4.5,-1.30,-1.8,-0.52
1042,"Dunning, Dane",Changeup,249,136.1,-44.2,15.9,-3.3,-1.31,-3.3,-1.33
1043,"Gray, Jon",4-Seam Fastball,1208,152.7,-32.8,28.0,-15.9,-1.32,-12.9,-1.07
1044,"Crismatt, Nabil",Curveball,315,115.1,34.5,-35.3,-4.2,-1.32,-4.2,-1.33
1045,"Greinke, Zack",Slider,410,134.6,20.0,7.4,-5.4,-1.33,-2.5,-0.62
1046,"Woodford, Jake",Slider,260,132.3,29.6,-5.4,-3.5,-1.33,-1.9,-0.73
1047,"Jackson, Luke",4-Seam Fastball,420,154.3,-18.0,44.7,-5.7,-1.35,-4.5,-1.06
1048,"Thompson, Zach",4-Seam Fastball,326,148.4,-6.4,38.1,-4.4,-1.36,-9.8,-3.00
1049,"Jax, Griffin",Slider,428,134.2,28.2,-4.8,-5.8,-1.37,-4.0,-0.93
1050,"Lester, Jon",4-Seam Fastball,740,142.7,-12.7,37.5,-10.1,-1.37,-7.5,-1.01
1051,"Toussaint, Touki",Curveball,223,122.7,26.8,-30.9,-3.0,-1.37,-1.9,-0.87
1052,"Lester, Jon",Sinker,398,141.0,-31.2,16.2,-5.4,-1.37,-3.0,-0.75
1053,"Richards, Trevor",Changeup,313,136.1,-37.9,25.3,-4.3,-1.37,-3.0,-0.97
1054,"Minor, Mike",Changeup,514,137.2,-42.7,29.6,-7.1,-1.38,-0.5,-0.10
1055,"Valdez, Cesar",Changeup,567,125.4,-23.3,-14.1,-7.9,-1.39,-6.4,-1.12
1056,"Davies, Zach",Sinker,1352,141.6,-36.8,32.4,-18.8,-1.39,-13.5,-1.00
1057,"Norris, Daniel",Changeup,295,140.0,-32.0,-3.4,-4.1,-1.39,-2.7,-0.90
1058,"Civale, Aaron",4-Seam Fastball,429,147.2,-8.5,44.2,-6.0,-1.39,-6.8,-1.58
1059,"Houser, Adrian",Curveball,345,128.9,13.7,-32.6,-4.9,-1.41,-4.5,-1.31
1060,"Wells, Alexander",4-Seam Fastball,383,142.5,-20.2,46.8,-5.4,-1.41,-5.0,-1.31
1061,"Norris, Daniel",Slider,224,136.5,10.9,-5.2,-3.2,-1.42,-2.4,-1.07
1062,"Mejia, J. C.",Sinker,411,149.1,-37.0,5.5,-5.8,-1.42,-7.0,-1.70
1063,"Heaney, Andrew",Changeup,406,134.9,-43.8,19.3,-5.8,-1.43,-1.3,-0.33
1064,"Woodford, Jake",4-Seam Fastball,258,148.3,-12.0,36.8,-3.7,-1.43,-0.7,-0.26
1065,"Farmer, Buck",4-Seam Fastball,346,151.3,-29.9,39.6,-5.1,-1.47,-4.0,-1.16
1066,"Romano, Sal",Sinker,267,150.7,-41.1,19.0,-3.9,-1.47,-1.9,-0.72
1067,"Tate, Dillon",Sinker,615,153.8,-42.3,12.2,-9.1,-1.47,-1.0,-0.16
1068,"De Jong, Chase",4-Seam Fastball,379,149.6,-6.8,46.9,-5.6,-1.47,-5.6,-1.47
1069,"Garcia, Bryan",Sinker,399,151.4,-29.2,37.2,-5.9,-1.47,-8.2,-2.06
1070,"Hammer, J. D.",4-Seam Fastball,249,151.4,-28.9,42.1,-3.7,-1.48,-1.8,-0.73
1071,"Keuchel, Dallas",Cutter,664,137.1,4.4,20.0,-10.1,-1.52,-7.2,-1.09
1072,"DeSclafani, Anthony",Knuckle Curve,208,133.5,16.1,-15.8,-3.2,-1.52,-2.0,-0.94
1073,"Carrasco, Carlos",Changeup,220,140.6,-19.3,1.7,-3.4,-1.52,-4.8,-2.19
1074,"De Los Santos, Enyel",4-Seam Fastball,477,152.7,-33.2,34.3,-7.3,-1.53,-8.6,-1.80
1075,"Stripling, Ross",Slider,310,140.2,10.3,15.9,-4.7,-1.53,-3.6,-1.15
1076,"Benjamin, Wes",4-Seam Fastball,201,147.0,-21.0,49.3,-3.1,-1.54,-2.5,-1.25
1077,"Trivino, Lou",Cutter,213,149.7,-7.6,24.2,-3.3,-1.54,-1.6,-0.75
1078,"Peterson, David",Sinker,332,148.7,-40.5,30.9,-5.1,-1.54,-2.2,-0.65
1079,"Yarbrough, Ryan",Changeup,697,126.3,-44.2,16.3,-10.8,-1.56,-3.5,-0.50
1080,"Castellanos, Humberto",Sinker,248,145.6,-40.3,8.9,-3.9,-1.57,-2.4,-0.96
1081,"Corbin, Patrick",4-Seam Fastball,766,148.5,-20.4,38.2,-12.1,-1.58,-9.2,-1.20
1082,"Morgan, Eli",Slider,332,137.2,7.5,17.6,-5.2,-1.58,-4.5,-1.36
1083,"Barnes, Charlie",Sinker,289,144.5,-35.1,22.9,-4.6,-1.59,-4.8,-1.66
1084,"Davies, Zach",Changeup,849,126.4,-34.9,20.1,-13.6,-1.60,-5.5,-0.64
1085,"Garrett, Amir",4-Seam Fastball,404,152.6,-23.8,37.9,-6.5,-1.60,-5.8,-1.42
1086,"Foltynewicz, Mike",Curveball,281,123.5,26.1,2.5,-4.5,-1.61,-2.1,-0.75
1087,"Sheffield, Justus",Slider,472,131.5,19.0,-7.0,-7.6,-1.61,-5.6,-1.19
1088,"Gonzalez, Chi Chi",4-Seam Fastball,758,148.0,-7.0,29.2,-12.2,-1.61,-7.7,-1.01
1089,"Neidert, Nick",4-Seam Fastball,281,147.7,-35.5,30.9,-4.5,-1.61,-4.3,-1.54
1090,"Montgomery, Jordan",Cutter,355,140.6,0.9,22.1,-5.7,-1.62,-3.0,-0.85
1091,"Sheffield, Justus",Sinker,682,148.6,-37.7,20.5,-11.1,-1.63,-11.2,-1.65
1092,"Clarke, Taylor",4-Seam Fastball,403,153.8,-15.4,44.3,-6.6,-1.63,-8.4,-2.09
1093,"Andriese, Matt",Changeup,290,138.5,-10.4,3.0,-4.8,-1.64,-2.6,-0.90
1094,"Cabrera, Genesis",Curveball,226,130.2,17.9,-31.3,-3.7,-1.64,-2.2,-0.99
1095,"Taylor, Blake",Slider,220,133.0,18.5,-3.2,-3.6,-1.66,-4.3,-1.95
1096,"Mills, Alec",4-Seam Fastball,333,142.9,-23.8,35.7,-5.6,-1.67,-7.5,-2.24
1097,"Taillon, Jameson",Curveball,451,129.9,25.9,-32.1,-7.6,-1.68,-5.3,-1.17
1098,"Thompson, Mason",Sinker,344,154.9,-37.5,25.8,-5.8,-1.70,-5.7,-1.67
1099,"German, Domingo",4-Seam Fastball,454,150.3,-22.6,40.4,-7.7,-1.70,-6.9,-1.53
1100,"Kremer, Dean",Cutter,207,140.4,10.2,22.3,-3.5,-1.71,-0.2,-0.10
1101,"Selman, Sam",Slider,220,128.5,29.6,6.4,-3.8,-1.71,-0.0,-0.02
1102,"Kuhl, Chad",4-Seam Fastball,386,151.8,-26.0,34.9,-6.7,-1.72,-9.9,-2.57
1103,"Gant, John",4-Seam Fastball,240,148.1,-30.3,40.7,-4.2,-1.74,-2.2,-0.90
1104,"Luzardo, Jesus",Sinker,448,153.1,-40.8,33.8,-7.8,-1.74,-8.3,-1.86
1105,"Junis, Jakob",4-Seam Fastball,219,146.1,-14.8,35.4,-3.8,-1.75,-1.9,-0.89
1106,"Lyles, Jordan",Curveball,541,129.2,17.6,-37.0,-9.6,-1.77,-8.3,-1.54
1107,"de Geus, Brett",Sinker,502,151.0,-40.8,16.5,-8.9,-1.77,-7.3,-1.46
1108,"Canning, Griffin",4-Seam Fastball,441,150.6,-23.5,48.0,-7.8,-1.79,-6.7,-1.52
1109,"Voth, Austin",Curveball,272,126.6,37.1,-27.1,-4.9,-1.79,-3.7,-1.37
1110,"Santana, Ervin",4-Seam Fastball,479,150.3,-11.4,35.7,-8.7,-1.81,-9.0,-1.89
1111,"Canning, Griffin",Slider,290,142.0,-3.8,-0.3,-5.2,-1.81,-2.6,-0.91
1112,"Reid-Foley, Sean",4-Seam Fastball,233,150.9,-12.8,44.3,-4.3,-1.83,-0.2,-0.09
1113,"Jimenez, Joe",Slider,285,136.1,10.0,4.6,-5.3,-1.85,-3.4,-1.20
1114,"Luzardo, Jesus",Changeup,351,139.4,-41.3,19.4,-6.5,-1.86,-4.0,-1.15
1115,"Hernandez, Elieser",4-Seam Fastball,421,146.3,-13.5,44.2,-7.9,-1.87,-9.4,-2.22
1116,"Gilbert, Logan",Slider,508,134.2,16.5,10.6,-9.5,-1.88,-7.7,-1.52
1117,"Foltynewicz, Mike",Changeup,283,137.3,-35.5,30.2,-5.3,-1.88,-3.7,-1.32
1118,"Plesac, Zach",4-Seam Fastball,915,149.5,-22.2,43.2,-17.2,-1.88,-15.2,-1.66
1119,"Zimmermann, Bruce",4-Seam Fastball,466,147.2,-16.0,41.2,-8.8,-1.88,-15.3,-3.28
1120,"Hendrix, Ryan",4-Seam Fastball,237,155.2,-18.7,37.4,-4.5,-1.91,-6.3,-2.66
1121,"Thompson, Keegan",Cutter,263,144.4,12.6,14.0,-5.0,-1.92,-3.3,-1.24
1122,"Velasquez, Vince",Slider,241,136.8,17.6,7.8,-4.6,-1.93,-3.5,-1.47
1123,"Abreu, Bryan",Slider,256,143.2,9.5,-5.6,-5.0,-1.93,-1.2,-0.46
1124,"Bowden, Ben",4-Seam Fastball,478,148.8,-26.6,43.3,-9.3,-1.94,-9.0,-1.89
1125,"Perez, Martin",Cutter,555,144.3,-1.5,28.0,-10.8,-1.94,-10.7,-1.93
1126,"Price, David",Changeup,295,137.7,-37.3,14.2,-5.7,-1.95,-6.1,-2.07
1127,"Moore, Matt",Changeup,241,132.9,-42.3,18.4,-4.7,-1.95,-1.9,-0.78
1128,"Rainey, Tanner",4-Seam Fastball,430,155.1,-21.2,46.0,-8.5,-1.97,-4.5,-1.04
1129,"Hearn, Taylor",Changeup,210,139.8,-28.4,18.7,-4.1,-1.97,-2.7,-1.28
1130,"Montero, Rafael",4-Seam Fastball,311,154.1,-22.8,36.2,-6.1,-1.97,-2.1,-0.67
1131,"Kintzler, Brandon",Sinker,380,148.2,-40.7,27.0,-7.5,-1.98,-9.0,-2.36
1132,"Harvey, Matt",4-Seam Fastball,760,150.3,-31.3,36.9,-15.1,-1.99,-11.9,-1.57
1133,"Sheffield, Justus",Changeup,306,138.1,-32.1,9.0,-6.1,-2.00,-8.1,-2.66
1134,"Maton, Phil",Slider,276,132.1,40.2,-8.6,-5.5,-2.01,-5.2,-1.90
1135,"Guerra, Junior",4-Seam Fastball,215,148.4,-11.4,48.0,-4.3,-2.01,-4.5,-2.10
1136,"Peterson, David",Slider,274,132.1,13.5,0.1,-5.6,-2.03,-6.1,-2.23
1137,"Keller, Kyle",4-Seam Fastball,364,152.2,-18.4,44.2,-7.5,-2.05,-4.5,-1.23
1138,"Bundy, Dylan",Sinker,263,146.1,-31.4,41.5,-5.4,-2.05,-4.6,-1.75
1139,"Zuber, Tyler",4-Seam Fastball,293,152.3,-22.9,40.8,-6.0,-2.06,-4.4,-1.50
1140,"Lange, Alex",4-Seam Fastball,290,155.1,-26.8,40.3,-6.0,-2.07,-5.7,-1.96
1141,"Crowe, Wil",4-Seam Fastball,758,150.9,-8.0,42.1,-15.7,-2.07,-14.1,-1.86
1142,"Rodriguez, Eduardo",Slider,237,132.0,8.2,-8.9,-5.0,-2.10,-1.8,-0.74
1143,"Urquidy, Jose",Slider,347,128.0,33.7,4.7,-7.3,-2.10,-2.7,-0.77
1144,"Brubaker, JT",Curveball,202,128.0,16.3,-21.8,-4.3,-2.10,-2.6,-1.29
1145,"Happ, J. A.",Changeup,323,138.6,-35.4,22.5,-6.8,-2.11,-4.8,-1.48
1146,"Cueto, Johnny",Changeup,445,133.2,-29.8,10.2,-9.5,-2.13,-6.3,-1.41
1147,"Allard, Kolby",Curveball,227,122.2,11.3,-22.7,-4.9,-2.14,-5.6,-2.48
1148,"Feliz, Michael",4-Seam Fastball,215,151.0,-8.7,47.9,-4.6,-2.15,-3.9,-1.80
1149,"Arihara, Kohei",4-Seam Fastball,205,146.9,-25.3,40.5,-4.4,-2.16,-6.1,-2.99
1150,"Tomlin, Josh",Cutter,381,138.4,8.8,27.2,-8.3,-2.17,-4.1,-1.07
1151,"Rodon, Carlos",Changeup,278,137.2,-34.4,29.5,-6.0,-2.17,-5.4,-1.93
1152,"Wainwright, Adam",4-Seam Fastball,298,143.3,-4.8,36.9,-6.5,-2.17,-3.4,-1.15
1153,"Tomlin, Josh",Curveball,233,123.0,10.6,-16.8,-5.1,-2.18,-6.9,-2.96
1154,"Anderson, Shaun",Slider,265,139.8,17.6,3.3,-5.8,-2.18,-3.1,-1.16
1155,"Matz, Steven",Slider,206,143.1,-2.5,14.3,-4.5,-2.21,-5.1,-2.46
1156,"Shoemaker, Matt",Slider,261,132.3,10.2,4.7,-5.8,-2.21,-1.5,-0.58
1157,"Barnes, Jacob",Cutter,217,142.6,13.9,17.3,-4.8,-2.22,-2.0,-0.94
1158,"Milner, Hoby",Sinker,221,143.5,-38.6,17.5,-4.9,-2.22,-4.8,-2.18
1159,"Anderson, Chase",4-Seam Fastball,276,147.3,-15.6,44.7,-6.2,-2.23,-7.2,-2.60
1160,"Williams, Trevor",Slider,317,133.7,16.5,2.4,-7.1,-2.23,-6.2,-1.95
1161,"Wilson, Justin",4-Seam Fastball,353,150.6,-16.2,48.7,-8.0,-2.27,-5.1,-1.45
1162,"Happ, J. A.",Slider,404,133.6,6.2,8.8,-9.2,-2.28,-7.1,-1.77
1163,"Quintana, Jose",Curveball,332,126.8,25.9,-13.1,-7.6,-2.28,-5.2,-1.55
1164,"Harvey, Matt",Slider,431,140.0,3.9,16.4,-9.9,-2.30,-6.2,-1.44
1165,"Newcomb, Sean",4-Seam Fastball,388,153.9,-12.8,41.2,-8.9,-2.30,-3.3,-0.84
1166,"Pop, Zach",Slider,302,138.3,16.0,-2.7,-7.0,-2.30,-2.0,-0.66
1167,"Crowe, Wil",Curveball,226,129.5,12.5,-32.8,-5.2,-2.32,-4.1,-1.83
1168,"Abbott, Cory",4-Seam Fastball,207,149.1,-24.3,43.7,-4.8,-2.34,-5.8,-2.78
1169,"Harvey, Matt",Curveball,312,128.7,30.1,-16.6,-7.3,-2.34,-6.1,-1.94
1170,"Lopez, Jorge",Changeup,298,142.5,-37.6,16.2,-7.0,-2.35,-5.6,-1.88
1171,"Armstrong, Shawn",Cutter,225,143.7,18.9,11.6,-5.3,-2.35,-2.6,-1.16
1172,"Thornton, Trent",Curveball,228,129.1,23.2,-35.7,-5.4,-2.37,-4.1,-1.80
1173,"Gonzalez, Chi Chi",Slider,383,138.0,8.6,7.3,-9.1,-2.38,-9.7,-2.53
1174,"Mantiply, Joe",Sinker,274,146.6,-46.9,12.8,-6.6,-2.39,-4.9,-1.78
1175,"Fedde, Erick",Changeup,246,141.2,-37.0,3.9,-5.9,-2.42,-3.7,-1.51
1176,"Bubic, Kris",Curveball,379,126.3,21.0,-37.5,-9.2,-2.42,-9.1,-2.40
1177,"Webb, Jacob",4-Seam Fastball,277,151.4,-31.0,41.8,-6.7,-2.43,-2.3,-0.84
1178,"de Geus, Brett",Cutter,227,142.3,-3.0,14.1,-5.5,-2.43,-1.4,-0.63
1179,"Kowar, Jackson",4-Seam Fastball,349,154.0,-31.9,37.8,-8.5,-2.44,-5.1,-1.48
1180,"Allen, Logan",4-Seam Fastball,368,149.3,-17.6,39.2,-9.0,-2.45,-7.8,-2.12
1181,"Arrieta, Jake",Sinker,930,147.1,-40.1,22.6,-22.8,-2.46,-23.9,-2.57
1182,"Wacha, Michael",Cutter,490,143.5,5.7,24.8,-12.1,-2.47,-11.5,-2.35
1183,"Manning, Matt",Slider,216,137.5,15.2,5.6,-5.4,-2.48,-3.9,-1.83
1184,"Mills, Alec",Changeup,326,127.3,-38.0,10.3,-8.1,-2.48,-3.1,-0.96
1185,"Smith, Joe",Slider,227,124.6,37.5,26.4,-5.6,-2.49,-1.6,-0.70
1186,"Weaver, Luke",Changeup,333,137.4,-32.0,27.0,-8.4,-2.52,-6.7,-2.01
1187,"Almonte, Yency",Slider,357,134.8,19.0,3.4,-9.0,-2.53,-4.4,-1.23
1188,"Houser, Adrian",Changeup,265,141.3,-40.6,18.6,-6.7,-2.53,-6.5,-2.46
1189,"Ross, Joe",4-Seam Fastball,272,150.7,-14.3,36.9,-7.0,-2.58,-3.6,-1.32
1190,"Keller, Brad",4-Seam Fastball,700,151.6,2.4,35.4,-18.1,-2.58,-12.0,-1.72
1191,"Ober, Bailey",Slider,272,131.2,21.8,3.7,-7.1,-2.60,-4.7,-1.74
1192,"Kranick, Max",4-Seam Fastball,327,151.6,-16.7,43.9,-8.5,-2.61,-7.6,-2.33
1193,"Watkins, Spenser",4-Seam Fastball,450,146.1,-0.7,45.4,-12.0,-2.66,-9.6,-2.12
1194,"Mills, Alec",Curveball,202,106.0,31.8,-27.1,-5.5,-2.71,-3.5,-1.75
1195,"Akin, Keegan",Changeup,344,131.8,-38.8,21.4,-9.5,-2.75,-6.4,-1.87
1196,"Bundy, Dylan",Changeup,209,134.0,-31.4,21.2,-5.8,-2.76,-2.3,-1.10
1197,"Kluber, Corey",Sinker,336,146.1,-39.5,21.8,-9.3,-2.76,-9.2,-2.75
1198,"Freeland, Kyle",Sinker,288,147.1,-31.1,16.6,-7.9,-2.76,-10.1,-3.50
1199,"Otto, Glenn",4-Seam Fastball,219,149.1,-16.6,40.0,-6.1,-2.76,-3.6,-1.62
1200,"Luzardo, Jesus",4-Seam Fastball,432,154.3,-32.5,39.4,-12.0,-2.77,-11.0,-2.55
1201,"Hentges, Sam",4-Seam Fastball,522,152.3,-16.1,37.8,-14.6,-2.79,-14.5,-2.77
1202,"Ginkel, Kevin",Slider,224,135.0,10.7,-5.0,-6.3,-2.81,-3.4,-1.53
1203,"Workman, Brandon",Knuckle Curve,262,126.3,14.9,-39.6,-7.7,-2.93,-3.8,-1.47
1204,"Campbell, Paul",4-Seam Fastball,210,149.2,-13.3,44.7,-6.2,-2.96,-6.4,-3.02
1205,"Odorizzi, Jake",Cutter,208,139.8,7.4,26.9,-6.2,-2.98,-4.6,-2.21
1206,"Guenther, Sean",4-Seam Fastball,205,149.8,-14.9,40.5,-6.1,-2.99,-2.4,-1.17
1207,"Urena, Jose",Changeup,224,144.5,-34.1,23.8,-6.7,-2.99,-7.4,-3.30
1208,"Velasquez, Vince",Changeup,270,143.2,-31.5,19.1,-8.5,-3.14,-6.6,-2.44
1209,"Plutko, Adam",Cutter,334,141.3,7.2,25.8,-10.6,-3.17,-10.7,-3.19
1210,"Megill, Trevor",4-Seam Fastball,291,155.1,-12.0,41.6,-9.3,-3.19,-4.3,-1.49
1211,"Faria, Jake",4-Seam Fastball,358,148.6,-10.9,46.9,-11.8,-3.29,-9.8,-2.74
1212,"Hess, David",4-Seam Fastball,213,151.3,-12.7,42.1,-7.1,-3.33,-6.2,-2.90
1213,"Curtiss, John",Slider,347,141.1,10.9,1.9,-11.6,-3.35,-6.8,-1.95
1214,"Lawrence, Justin",Sinker,212,156.8,-42.1,7.0,-7.5,-3.53,-4.3,-2.03
1215,"Snell, Blake",Changeup,232,142.2,-31.1,27.6,-8.2,-3.53,-8.2,-3.54
1216,"Akin, Keegan",Slider,344,135.5,11.3,8.2,-12.2,-3.56,-8.6,-2.51
1217,"Oviedo, Luis",4-Seam Fastball,293,151.8,-19.4,42.3,-10.7,-3.64,-8.0,-2.73
1218,"Wittgren, Nick",Changeup,235,138.0,-31.9,4.7,-8.7,-3.70,-3.8,-1.61
1219,"Bauer, Trevor",Knuckle Curve,200,128.2,23.8,-48.8,-7.5,-3.74,-2.8,-1.39
1220,"Lynch, Daniel",Changeup,205,136.3,-32.4,30.7,-8.0,-3.90,-4.8,-2.36
1221,"Slegers, Aaron",Sinker,235,147.5,-37.8,14.9,-9.2,-3.93,-9.6,-4.08
1222,"Hale, David",4-Seam Fastball,216,149.5,-23.7,33.4,-8.9,-4.13,-2.1,-0.97
1223,"Martin, Corbin",4-Seam Fastball,219,151.4,-16.2,42.4,-10.0,-4.58,-8.0,-3.66
1224,"Keller, Mitch",Curveball,270,126.5,24.2,-36.9,-13.1,-4.85,-8.9,-3.29
1225,"Dobnak, Randy",Slider,254,135.6,4.8,-2.2,-13.9,-5.46,-12.2,-4.81
